SWIFT,Name
ABCOUS33XXX,ARAB BANKING CORPORATION
ABGBUS44XXX,ASSOCIATED BANK GREEN BAY N.A.
ABLEUS33XXX,NATEXIS BLEICHROEDER INC.
ABNAUS33XXX,THE ROYAL BANK OF SCOTLAND N.V. (NEW YORK)
ABNAUS4CFXO,THE ROYAL BANK OF SCOTLAND N.V. (CHICAGO)
ABNAUS4CXXX,THE ROYAL BANK OF SCOTLAND N.V. (CHICAGO)
ABNYUS33XXX,NEW YORK COMMERCIAL BANK
ABOCUS33XXX,AGRICULTURAL BANK OF CHINA NEW YORK BRANCH
ACBBUS6LXXX,AMERICAN BUSINESS BANK
ACIXUS33XXX,"ACI CAPITAL GROUP, LLC"
ACPYUS33XXX,ACUPAY SYSTEM LLC
ADIBUS33XXX,ABU DHABI INTERNATIONAL BANK INC.
ADPCUS33XXX,ADP CLEARING AND OUTSOURCING SERVICES INC.
ADPGUS33XXX,ADP GLOBAL PROXY SERVICES
AEFAUS44XXX,"COLUMBIA MANAGEMENT INVESTMENT ADVISERS, LLC"
AEFAUS4BFIX,"COLUMBIA MANAGEMENT INVESTMENT ADVISERS, LLC"
AEGUUS44XXX,"AEGON USA INVESTMENT MANAGEMENT, LLC"
AETCUS55XXX,"AMERICAN EXPRESS TRAVEL RELATED SERVICES CO.,INC. (TRAVELERS CHEQUE OPER.CTR.)"
AFEIUS6LXXX,"ASSOCIATED FOREIGN EXCHANGE, INC"
AFNBUS4HXXX,AMERICAN FIRST NATIONAL BANK
AFSBUS33XXX,ABACUS FEDERAL SAVINGS BANK
AGIGUS33MKT,AMERICAN INTERNATIONAL GROUP GLOBAL INVESTMENT GROUP
AGIGUS33XXX,AMERICAN INTERNATIONAL GROUP GLOBAL INVESTMENT GROUP
AGIGUS3WXXX,AMERICAN INTERNATIONAL GROUP GLOBAL INVESTMENT GROUP
AGILUS6SXXX,"AGILENT TECHNOLOGIES, INC"
AIBKUS33XXX,AIB BANK
AIBKUS3TTMK,AIB BANK
AIBKUS3TXXX,AIB BANK
AIGFUS33XXX,AIG FINANCIAL PRODUCTS CORP.
AIGIUS33XXX,AIG INTERNATIONAL INC.
AIGXUS33XXX,AMERICAN INTERNATIONAL GROUP
AIMAUS4HXXX,"INVESCO ADVISERS, INC."
ALOEUS44XXX,ALOSTAR BANK OF COMMERCE
ALUMUS33XXX,ALCOA INC.
ALYIUS33INC,ALLY FINANCIAL INC
ALYIUS33QTM,ALLY FINANCIAL INC
ALYIUS33SER,ALLY FINANCIAL INC
ALYIUS33XXX,ALLY FINANCIAL INC
AMBCUS6LXXX,"AMB PROPERTY, L.P."
AMWYUS33XXX,ALTICOR INC
ANBTUS44XXX,THE AMERICAN NATIONAL BANK OF TEXAS
ANFCUS33XXX,ABERCROMBIE AND FITCH CO.
ANSSUS33XXX,ABBEY NATIONAL SECURITIES INC.
ANTSUS33XXX,ABBEY NATIONAL TREASURY SERVICES LTD US BRANCH
ANZBUS33XXX,AUSTRALIA AND NEW ZEALAND BANKING GROUP LTD.
APBAUS6LXXX,AMERICAN PERSPECTIVE BANK
ARAPUS33XXX,"IFS, A STATE STREET COMPANY"
ARNLUS66XXX,ARES MANAGEMENT LLC
ARONUS33XXX,J. ARON AND COMPANY
ARVTUS44XXX,ARVEST BANK
ATLCUS33XXX,ATLANTIC CENTRAL BANKERS BANK
AUSAUS33XXX,INTERAUDI BANK
AVERUS66XXX,AVERY DENNISON CORPORATION
BAKNUS33XXX,BANKASIANA
BAMRUS33NYC,MERCANTIL BANCO AGENCIA CORAL GABLES
BAMRUS33XXX,MERCANTIL BANCO AGENCIA CORAL GABLES
BAOKUS44OKC,"BOKF, NA"
BAOKUS44XXX,"BOKF, NA"
BAOYUS33XXX,BAIN AND COMPANY INC
BARBUS33XXX,BANK OF BARODA
BARCUS33XXX,BARCLAYS BANK PLC
BARCUS3BXXX,BARCLAYS CAPITAL
BARCUS3MXXX,BARCLAYS BANK PLC
BBDEUS33XXX,BANCO BRADESCO S.A.
BBFXUS6SXXX,"BRIDGE BANK, NATIONAL ASSOCIATION"
BBHCUS33BOS,BROWN BROTHERS HARRIMAN AND CO.
BBHCUS33XXX,BROWN BROTHERS HARRIMAN AND CO.
BBHCUS3IACM,BROWN BROTHERS HARRIMAN AND CO. INFOMEDIARY 
BBHCUS3IACN,BROWN BROTHERS HARRIMAN AND CO. INFOMEDIARY
BBHCUS3IAEW,BROWN BROTHERS HARRIMAN AND CO. INFOMEDIARY
BBHCUS3IAFP,BROWN BROTHERS HARRIMAN AND CO. INFOMEDIARY
BBHCUS3IAGB,BROWN BROTHERS HARRIMAN AND CO. INFOMEDIARY
BBHCUS3IAGN,BROWN BROTHERS HARRIMAN AND CO. INFOMEDIARY
BBHCUS3IAIV,BROWN BROTHERS HARRIMAN AND CO. INFOMEDIARY
BBHCUS3IAJP,BROWN BROTHERS HARRIMAN AND CO. INFOMEDIARY
BBHCUS3IALA,BROWN BROTHERS HARRIMAN AND CO. INFOMEDIARY
BBHCUS3IANI,BROWN BROTHERS HARRIMAN AND CO. INFOMEDIARY 
BBHCUS3IAQR,BROWN BROTHERS HARRIMAN AND CO. INFOMEDIARY 
BBHCUS3IARI,BROWN BROTHERS HARRIMAN AND CO. INFOMEDIARY
BBHCUS3IARS,BROWN BROTHERS HARRIMAN AND CO. INFOMEDIARY
BBHCUS3IART,BROWN BROTHERS HARRIMAN AND CO. INFOMEDIARY
BBHCUS3IASG,BROWN BROTHERS HARRIMAN AND CO. INFOMEDIARY
BBHCUS3IASH,BROWN BROTHERS HARRIMAN AND CO. INFOMEDIARY 
BBHCUS3IAUS,BROWN BROTHERS HARRIMAN AND CO. INFOMEDIARY
BBHCUS3IAXA,BROWN BROTHERS HARRIMAN AND CO. INFOMEDIARY
BBHCUS3IBAM,BROWN BROTHERS HARRIMAN AND CO. INFOMEDIARY
BBHCUS3IBAR,BROWN BROTHERS HARRIMAN AND CO. INFOMEDIARY
BBHCUS3IBFM,BROWN BROTHERS HARRIMAN AND CO. INFOMEDIARY
BBHCUS3IBGC,BROWN BROTHERS HARRIMAN AND CO. INFOMEDIARY 
BBHCUS3IBIP,BROWN BROTHERS HARRIMAN AND CO. INFOMEDIARY 
BBHCUS3IBLK,BROWN BROTHERS HARRIMAN AND CO. INFOMEDIARY 
BBHCUS3IBRW,BROWN BROTHERS HARRIMAN AND CO. INFOMEDIARY 
BBHCUS3IBSL,BROWN BROTHERS HARRIMAN AND CO. INFOMEDIARY 
BBHCUS3IBYS,BROWN BROTHERS HARRIMAN AND CO. INFOMEDIARY 
BBHCUS3ICCI,BROWN BROTHERS HARRIMAN AND CO. INFOMEDIARY 
BBHCUS3ICCL,BROWN BROTHERS HARRIMAN AND CO. INFOMEDIARY 
BBHCUS3ICHA,BROWN BROTHERS HARRIMAN AND CO. INFOMEDIARY
BBHCUS3ICHH,BROWN BROTHERS HARRIMAN AND CO. INFOMEDIARY
BBHCUS3ICNS,BROWN BROTHERS HARRIMAN AND CO. INFOMEDIARY
BBHCUS3ICSA,BROWN BROTHERS HARRIMAN AND CO. INFOMEDIARY
BBHCUS3ICSG,BROWN BROTHERS HARRIMAN AND CO. INFOMEDIARY
BBHCUS3ICSM,BROWN BROTHERS HARRIMAN AND CO. INFOMEDIARY 
BBHCUS3IDEN,BROWN BROTHERS HARRIMAN AND CO. INFOMEDIARY 
BBHCUS3IECL,BROWN BROTHERS HARRIMAN AND CO. INFOMEDIARY
BBHCUS3IEFS,BROWN BROTHERS HARRIMAN AND CO. INFOMEDIARY 
BBHCUS3IEMM,BROWN BROTHERS HARRIMAN AND CO. INFOMEDIARY 
BBHCUS3IEPL,BROWN BROTHERS HARRIMAN AND CO. INFOMEDIARY 
BBHCUS3IETC,BROWN BROTHERS HARRIMAN AND CO. INFOMEDIARY 
BBHCUS3IFAC,BROWN BROTHERS HARRIMAN AND CO. INFOMEDIARY 
BBHCUS3IFCM,BROWN BROTHERS HARRIMAN AND CO. INFOMEDIARY
BBHCUS3IFID,BROWN BROTHERS HARRIMAN AND CO. INFOMEDIARY 
BBHCUS3IFII,BROWN BROTHERS HARRIMAN AND CO. INFOMEDIARY 
BBHCUS3IFIJ,BROWN BROTHERS HARRIMAN AND CO. INFOMEDIARY 
BBHCUS3IFIL,BROWN BROTHERS HARRIMAN AND CO. INFOMEDIARY 
BBHCUS3IFIV,BROWN BROTHERS HARRIMAN AND CO. INFOMEDIARY
BBHCUS3IFRS,BROWN BROTHERS HARRIMAN AND CO. INFOMEDIARY 
BBHCUS3IFSC,BROWN BROTHERS HARRIMAN AND CO. INFOMEDIARY 
BBHCUS3IFSE,BROWN BROTHERS HARRIMAN AND CO. INFOMEDIARY
BBHCUS3IGIA,BROWN BROTHERS HARRIMAN AND CO. INFOMEDIARY 
BBHCUS3IGMA,BROWN BROTHERS HARRIMAN AND CO. INFOMEDIARY 
BBHCUS3IGME,BROWN BROTHERS HARRIMAN AND CO. INFOMEDIARY
BBHCUS3IGMI,BROWN BROTHERS HARRIMAN AND CO. INFOMEDIARY
BBHCUS3IGMQ,BROWN BROTHERS HARRIMAN AND CO. INFOMEDIARY
BBHCUS3IGSF,BROWN BROTHERS HARRIMAN AND CO. INFOMEDIARY 
BBHCUS3IHAN,BROWN BROTHERS HARRIMAN AND CO. INFOMEDIARY 
BBHCUS3IHCM,BROWN BROTHERS HARRIMAN AND CO. INFOMEDIARY 
BBHCUS3IICB,BROWN BROTHERS HARRIMAN AND CO. INFOMEDIARY 
BBHCUS3IICN,BROWN BROTHERS HARRIMAN AND CO. INFOMEDIARY 
BBHCUS3IIFI,BROWN BROTHERS HARRIMAN AND CO. INFOMEDIARY
BBHCUS3IIIM,BROWN BROTHERS HARRIMAN AND CO. INFOMEDIARY
BBHCUS3IIM2,BROWN BROTHERS HARRIMAN AND CO. INFOMEDIARY 
BBHCUS3IIMS,BROWN BROTHERS HARRIMAN AND CO. INFOMEDIARY 
BBHCUS3IING,BROWN BROTHERS HARRIMAN AND CO. INFOMEDIARY 
BBHCUS3IIRN,BROWN BROTHERS HARRIMAN AND CO. INFOMEDIARY
BBHCUS3IJAN,BROWN BROTHERS HARRIMAN AND CO. INFOMEDIARY
BBHCUS3IJNS,BROWN BROTHERS HARRIMAN AND CO. INFOMEDIARY 
BBHCUS3IKCM,BROWN BROTHERS HARRIMAN AND CO. INFOMEDIARY 
BBHCUS3ILCM,BROWN BROTHERS HARRIMAN AND CO. INFOMEDIARY 
BBHCUS3ILMJ,BROWN BROTHERS HARRIMAN AND CO. INFOMEDIARY 
BBHCUS3ILNB,BROWN BROTHERS HARRIMAN AND CO. INFOMEDIARY
BBHCUS3ILNS,BROWN BROTHERS HARRIMAN AND CO. INFOMEDIARY
BBHCUS3ILSV,BROWN BROTHERS HARRIMAN AND CO. INFOMEDIARY
BBHCUS3ILVA,BROWN BROTHERS HARRIMAN AND CO. INFOMEDIARY 
BBHCUS3IMAM,BROWN BROTHERS HARRIMAN AND CO. INFOMEDIARY 
BBHCUS3IMAT,BROWN BROTHERS HARRIMAN AND CO. INFOMEDIARY 
BBHCUS3IMCK,BROWN BROTHERS HARRIMAN AND CO. INFOMEDIARY
BBHCUS3IMEA,BROWN BROTHERS HARRIMAN AND CO. INFOMEDIARY 
BBHCUS3IMGI,BROWN BROTHERS HARRIMAN AND CO. INFOMEDIARY
BBHCUS3IMGZ,BROWN BROTHERS HARRIMAN AND CO. INFOMEDIARY 
BBHCUS3IMTA,BROWN BROTHERS HARRIMAN AND CO. INFOMEDIARY
BBHCUS3INAM,BROWN BROTHERS HARRIMAN AND CO. INFOMEDIARY 
BBHCUS3INFR,BROWN BROTHERS HARRIMAN AND CO. INFOMEDIARY
BBHCUS3INIM,BROWN BROTHERS HARRIMAN AND CO. INFOMEDIARY
BBHCUS3INMA,BROWN BROTHERS HARRIMAN AND CO. INFOMEDIARY 
BBHCUS3INML,BROWN BROTHERS HARRIMAN AND CO. INFOMEDIARY 
BBHCUS3INRI,BROWN BROTHERS HARRIMAN AND CO. INFOMEDIARY
BBHCUS3INUV,BROWN BROTHERS HARRIMAN AND CO. INFOMEDIARY
BBHCUS3INWD,BROWN BROTHERS HARRIMAN AND CO. INFOMEDIARY 
BBHCUS3IOFI,BROWN BROTHERS HARRIMAN AND CO. INFOMEDIARY 
BBHCUS3IOPS,BROWN BROTHERS HARRIMAN AND CO. INFOMEDIARY
BBHCUS3IOPY,BROWN BROTHERS HARRIMAN AND CO. INFOMEDIARY 
BBHCUS3IP04,BROWN BROTHERS HARRIMAN AND CO. INFOMEDIARY 
BBHCUS3IP05,BROWN BROTHERS HARRIMAN AND CO. INFOMEDIARY 
BBHCUS3IP06,BROWN BROTHERS HARRIMAN AND CO. INFOMEDIARY 
BBHCUS3IP07,BROWN BROTHERS HARRIMAN AND CO. INFOMEDIARY 
BBHCUS3IP08,BROWN BROTHERS HARRIMAN AND CO. INFOMEDIARY 
BBHCUS3IP09,BROWN BROTHERS HARRIMAN AND CO. INFOMEDIARY 
BBHCUS3IP10,BROWN BROTHERS HARRIMAN AND CO. INFOMEDIARY 
BBHCUS3IP11,BROWN BROTHERS HARRIMAN AND CO. INFOMEDIARY 
BBHCUS3IP12,BROWN BROTHERS HARRIMAN AND CO. INFOMEDIARY 
BBHCUS3IP16,BROWN BROTHERS HARRIMAN AND CO. INFOMEDIARY
BBHCUS3IP17,BROWN BROTHERS HARRIMAN AND CO. INFOMEDIARY
BBHCUS3IP20,BROWN BROTHERS HARRIMAN AND CO. INFOMEDIARY
BBHCUS3IP21,BROWN BROTHERS HARRIMAN AND CO. INFOMEDIARY
BBHCUS3IP22,BROWN BROTHERS HARRIMAN AND CO. INFOMEDIARY
BBHCUS3IP23,BROWN BROTHERS HARRIMAN AND CO. INFOMEDIARY
BBHCUS3IP24,BROWN BROTHERS HARRIMAN AND CO. INFOMEDIARY
BBHCUS3IPA1,BROWN BROTHERS HARRIMAN AND CO. INFOMEDIARY
BBHCUS3IPCO,BROWN BROTHERS HARRIMAN AND CO. INFOMEDIARY
BBHCUS3IPFG,BROWN BROTHERS HARRIMAN AND CO. INFOMEDIARY 
BBHCUS3IPIM,BROWN BROTHERS HARRIMAN AND CO. INFOMEDIARY 
BBHCUS3IPIO,BROWN BROTHERS HARRIMAN AND CO. INFOMEDIARY
BBHCUS3IPPA,BROWN BROTHERS HARRIMAN AND CO. INFOMEDIARY
BBHCUS3IRAB,BROWN BROTHERS HARRIMAN AND CO. INFOMEDIARY
BBHCUS3IRCM,BROWN BROTHERS HARRIMAN AND CO. INFOMEDIARY 
BBHCUS3IRES,BROWN BROTHERS HARRIMAN AND CO. INFOMEDIARY
BBHCUS3IRIJ,BROWN BROTHERS HARRIMAN AND CO. INFOMEDIARY
BBHCUS3IRIV,BROWN BROTHERS HARRIMAN AND CO. INFOMEDIARY 
BBHCUS3IRMB,BROWN BROTHERS HARRIMAN AND CO. INFOMEDIARY 
BBHCUS3IRMG,BROWN BROTHERS HARRIMAN AND CO. INFOMEDIARY
BBHCUS3ISAI,BROWN BROTHERS HARRIMAN AND CO. INFOMEDIARY 
BBHCUS3ISCT,BROWN BROTHERS HARRIMAN AND CO. INFOMEDIARY 
BBHCUS3ISEI,BROWN BROTHERS HARRIMAN AND CO. INFOMEDIARY
BBHCUS3ISKN,BROWN BROTHERS HARRIMAN AND CO. INFOMEDIARY 
BBHCUS3ISOP,BROWN BROTHERS HARRIMAN AND CO. INFOMEDIARY 
BBHCUS3ISTK,BROWN BROTHERS HARRIMAN AND CO. INFOMEDIARY 
BBHCUS3ISTL,BROWN BROTHERS HARRIMAN AND CO. INFOMEDIARY 
BBHCUS3ISYS,BROWN BROTHERS HARRIMAN AND CO. INFOMEDIARY 
BBHCUS3ITAL,BROWN BROTHERS HARRIMAN AND CO. INFOMEDIARY 
BBHCUS3ITAM,BROWN BROTHERS HARRIMAN AND CO. INFOMEDIARY 
BBHCUS3ITCM,BROWN BROTHERS HARRIMAN AND CO. INFOMEDIARY
BBHCUS3ITHB,BROWN BROTHERS HARRIMAN AND CO. INFOMEDIARY
BBHCUS3ITIA,BROWN BROTHERS HARRIMAN AND CO. INFOMEDIARY 
BBHCUS3ITIM,BROWN BROTHERS HARRIMAN AND CO. INFOMEDIARY 
BBHCUS3ITRC,BROWN BROTHERS HARRIMAN AND CO. INFOMEDIARY 
BBHCUS3ITSA,BROWN BROTHERS HARRIMAN AND CO. INFOMEDIARY 
BBHCUS3ITSI,BROWN BROTHERS HARRIMAN AND CO. INFOMEDIARY 
BBHCUS3ITSL,BROWN BROTHERS HARRIMAN AND CO. INFOMEDIARY 
BBHCUS3ITSS,BROWN BROTHERS HARRIMAN AND CO. INFOMEDIARY 
BBHCUS3ITWO,BROWN BROTHERS HARRIMAN AND CO. INFOMEDIARY 
BBHCUS3IUAT,BROWN BROTHERS HARRIMAN AND CO. INFOMEDIARY 
BBHCUS3IVAM,BROWN BROTHERS HARRIMAN AND CO. INFOMEDIARY 
BBHCUS3IVON,BROWN BROTHERS HARRIMAN AND CO. INFOMEDIARY 
BBHCUS3IWAM,BROWN BROTHERS HARRIMAN AND CO. INFOMEDIARY
BBHCUS3IWCM,BROWN BROTHERS HARRIMAN AND CO. INFOMEDIARY 
BBHCUS3IWEL,BROWN BROTHERS HARRIMAN AND CO. INFOMEDIARY 
BBHCUS3IWRF,BROWN BROTHERS HARRIMAN AND CO. INFOMEDIARY 
BBHCUS3IWRM,BROWN BROTHERS HARRIMAN AND CO. INFOMEDIARY 
BBHCUS3IXXX,BROWN BROTHERS HARRIMAN AND CO. INFOMEDIARY 
BBITUS3MXXX,INTERCREDIT BANK N.A.
BBOGUS3MXXX,"BANCO DE BOGOTA, MIAMI AGENCY"
BBOKUS44XXX,THE BANKERS BANK
BBUBUS33XXX,BANESCO USA
BBVAUS33GCI,"BANCO BILBAO VIZCAYA ARGENTARIA, NEW YORK"
BBVAUS33IBF,"BANCO BILBAO VIZCAYA ARGENTARIA, NEW YORK"
BBVAUS33XXX,"BANCO BILBAO VIZCAYA ARGENTARIA, NEW YORK"
BBVAUS3SXXX,BBVA SECURITIES INC.
BBWIUS44XXX,BANKERS’ BANK
BCITUS33XXX,INTESA SANPAOLO SPA
BCMRUS4HXXX,"BBVA BANCOMER, S.A. HOUSTON"
BCPLUS33XXX,BANCO DE CREDITO DEL PERU – MIAMI AGENCY
BDERUS3MXXX,BANCO SANTANDER INTERNATIONAL
BEAAUS33DLJ,CREDIT SUISSE ASSET MANAGEMENT NEW YORK
BEAAUS33MSC,CREDIT SUISSE ASSET MANAGEMENT NEW YORK
BEAAUS33XXX,CREDIT SUISSE ASSET MANAGEMENT NEW YORK
BEAKUS33XXX,BANK OF EAST ASIA(USA) NA
BEARUS33ACC,J.P. MORGAN CLEARING CORP.
BEARUS33BSM,J.P. MORGAN CLEARING CORP.
BEARUS33CAT,J.P. MORGAN CLEARING CORP.
BEARUS33DIV,J.P. MORGAN CLEARING CORP.
BEARUS33DOM,J.P. MORGAN CLEARING CORP.
BEARUS33DRV,J.P. MORGAN CLEARING CORP.
BEARUS33DVD,J.P. MORGAN CLEARING CORP.
BEARUS33EMC,J.P. MORGAN CLEARING CORP.
BEARUS33FGN,J.P. MORGAN CLEARING CORP.
BEARUS33FX1,J.P. MORGAN CLEARING CORP.
BEARUS33JIL,J.P. MORGAN CLEARING CORP.
BEARUS33XXX,J.P. MORGAN CLEARING CORP.
BEARUS33ZZZ,J.P. MORGAN CLEARING CORP.
BEASUS33XXX,"BANK OF EAST ASIA LIMITED, THE, NEW YORK BRANCH"
BEASUS66XXX,"THE BANK OF EAST ASIA, LIMITED, LOS ANGELES BRANCH"
BECHUS33XXX,BANCO ESTADO DE CHILE NEW YORK BRANCH.
BESCUS33XXX,BANCO ESPIRITO SANTO
BFCEUS33XXX,NATIXIS
BFLBUS3MXXX,BAC FLORIDA BANK
BFOKUS44XXX,BANCFIRST
BGCFUS33XXX,BGC FINANCIAL LP
BGIAUS6SXXX,"BLACKROCK INSTITUTIONAL TRUST COMPANY, N.A."
BHICUS44XXX,BAKER HUGHES INCORPORATED
BIMIUS33XXX,BANCA IMI SECURITIES CORP.
BINGUS3BXXX,BINGHAM MCCUTCHEN LLP
BKCHUS33CHI,BANK OF CHINA
BKCHUS33CTX,BANK OF CHINA
BKCHUS33LAX,BANK OF CHINA
BKCHUS33XXX,BANK OF CHINA
BKIDUS33SFA,"BANK OF INDIA, NEW YORK BRANCH"
BKIDUS33XXX,"BANK OF INDIA, NEW YORK BRANCH"
BKKBUS33XXX,"BANGKOK BANK PUBLIC COMPANY LIMITED, NEW YORK"
BKTRUS33010,DEUTSCHE BANK TRUST COMPANY AMERICAS
BKTRUS33020,DEUTSCHE BANK TRUST COMPANY AMERICAS
BKTRUS33030,DEUTSCHE BANK TRUST COMPANY AMERICAS
BKTRUS33040,DEUTSCHE BANK TRUST COMPANY AMERICAS
BKTRUS33050,DEUTSCHE BANK TRUST COMPANY AMERICAS
BKTRUS33060,DEUTSCHE BANK TRUST COMPANY AMERICAS
BKTRUS33070,DEUTSCHE BANK TRUST COMPANY AMERICAS
BKTRUS33ADR,DEUTSCHE BANK TRUST COMPANY AMERICAS
BKTRUS33APX,DEUTSCHE BANK TRUST COMPANY AMERICAS
BKTRUS33CDA,DEUTSCHE BANK TRUST COMPANY AMERICAS
BKTRUS33CIE,DEUTSCHE BANK TRUST COMPANY AMERICAS
BKTRUS33CLS,DEUTSCHE BANK TRUST COMPANY AMERICAS
BKTRUS33CND,DEUTSCHE BANK TRUST COMPANY AMERICAS
BKTRUS33DEL,DEUTSCHE BANK TRUST COMPANY AMERICAS
BKTRUS33FXO,DEUTSCHE BANK TRUST COMPANY AMERICAS
BKTRUS33GIM,DEUTSCHE BANK TRUST COMPANY AMERICAS
BKTRUS33PWM,DEUTSCHE BANK TRUST COMPANY AMERICAS
BKTRUS33REM,DEUTSCHE BANK TRUST COMPANY AMERICAS
BKTRUS33TRI,DEUTSCHE BANK TRUST COMPANY AMERICAS
BKTRUS33TSS,DEUTSCHE BANK TRUST COMPANY AMERICAS
BKTRUS33XXX,DEUTSCHE BANK TRUST COMPANY AMERICAS
BKTTUS44XXX,THE F AND M BANK AND TRUST COMPANY
BKTWUS33XXX,"BANK OF TAIWAN, NEW YORK BRANCH"
BKTWUS6LXXX,BANK OF TAIWAN
BLAEUS3XXXX,BANCO LATINOAMERICANO DE COMERCIO EXTERIOR S.A.
BLKSUS33XXX,BLACKROCK FINANCIAL MANAGEMENT INC.
BLURUS33XXX,BLUE RIDGE CAPITAL LLC
BMCSUS44XXX,"BMC SOFTWARE, INC."
BMYPUS33XXX,BRISTOL MYER SQUIBB COMPANY
BNDCUS33XXX,NATIONAL BANK OF CANADA NEW YORK BRANCH
BNINUS33XXX,"BANK NEGARA INDONESIA (PERSERO) PT., NEW YORK AGENCY"
BNPAUS3CADV,BNP PARIBAS SECURITIES CORPORATION
BNPAUS3CINT,BNP PARIBAS SECURITIES CORPORATION
BNPAUS3CPBI,BNP PARIBAS SECURITIES CORPORATION
BNPAUS3CPFS,BNP PARIBAS SECURITIES CORPORATION
BNPAUS3CXXX,BNP PARIBAS SECURITIES CORPORATION
BNPAUS3MXXX,BNP PARIBAS MIAMI
BNPAUS3NB2S,BNP PARIBAS U.S.A – NEW YORK BRANCH
BNPAUS3NCUS,BNP PARIBAS U.S.A – NEW YORK BRANCH
BNPAUS3NFXP,BNP PARIBAS U.S.A – NEW YORK BRANCH
BNPAUS3NPBS,BNP PARIBAS U.S.A – NEW YORK BRANCH
BNPAUS3NSFM,BNP PARIBAS U.S.A – NEW YORK BRANCH
BNPAUS3NXXX,BNP PARIBAS U.S.A – NEW YORK BRANCH
BNPAUS3PCUS,BNP PARIBAS PRIME BROKERAGE INC.
BNPAUS3PDOM,BNP PARIBAS PRIME BROKERAGE INC.
BNPAUS3PGPB,BNP PARIBAS PRIME BROKERAGE INC.
BNPAUS3PINT,BNP PARIBAS PRIME BROKERAGE INC.
BNPAUS3PNYB,BNP PARIBAS PRIME BROKERAGE INC.
BNPAUS3PPBS,BNP PARIBAS PRIME BROKERAGE INC.
BNPAUS3PSLB,BNP PARIBAS PRIME BROKERAGE INC.
BNPAUS3PXXX,BNP PARIBAS PRIME BROKERAGE INC.
BNPAUS44XXX,BNP PARIBAS USA
BNPAUS4HXXX,BNP PARIBAS HOUSTON
BNPAUS6SXXX,BNP PARIBAS USA
BODLUS33XXX,"BOFA ADVISORS, LLC"
BOFAUS3DAU2,"BANK OF AMERICA, N.A."
BOFAUS3DAUS,"BANK OF AMERICA, N.A."
BOFAUS3DCCD,"BANK OF AMERICA, N.A."
BOFAUS3DCRD,"BANK OF AMERICA, N.A."
BOFAUS3DEQN,"BANK OF AMERICA, N.A."
BOFAUS3DHK2,"BANK OF AMERICA, N.A."
BOFAUS3DHKG,"BANK OF AMERICA, N.A."
BOFAUS3DIND,"BANK OF AMERICA, N.A."
BOFAUS3DJAP,"BANK OF AMERICA, N.A."
BOFAUS3DKOR,"BANK OF AMERICA, N.A."
BOFAUS3DSG2,"BANK OF AMERICA, N.A."
BOFAUS3DSG3,"BANK OF AMERICA, N.A."
BOFAUS3DSG4,"BANK OF AMERICA, N.A."
BOFAUS3DSHA,"BANK OF AMERICA, N.A."
BOFAUS3DSIG,"BANK OF AMERICA, N.A."
BOFAUS3DTAI,"BANK OF AMERICA, N.A."
BOFAUS3DTSY,"BANK OF AMERICA, N.A."
BOFAUS3MXXX,"BANK OF AMERICA, N.A."
BOFAUS3NINQ,"BANK OF AMERICA, N.A."
BOFAUS3NXXX,"BANK OF AMERICA, N.A."
BOFAUS6HXXX,"BANK OF AMERICA, N.A."
BOFAUS6NGFX,"BANK OF AMERICA, N.A."
BOFAUS6NXXX,"BANK OF AMERICA, N.A."
BOFAUS6SBND,"BANK OF AMERICA, N.A."
BOFAUS6SFCD,"BANK OF AMERICA, N.A."
BOFAUS6SGCI,"BANK OF AMERICA, N.A."
BOFAUS6SGDS,"BANK OF AMERICA, N.A."
BOFAUS6SIGC,"BANK OF AMERICA, N.A."
BOFAUS6SINQ,"BANK OF AMERICA, N.A."
BOFAUS6SIPB,"BANK OF AMERICA, N.A."
BOFAUS6SMET,"BANK OF AMERICA, N.A."
BOFAUS6SSFX,"BANK OF AMERICA, N.A."
BOFAUS6SXXX,"BANK OF AMERICA, N.A."
BOFCUS33FXD,UNION BANK N.A.
BOFCUS33LAX,UNION BANK N.A.
BOFCUS33MGC,UNION BANK N.A.
BOFCUS33MPK,UNION BANK N.A.
BOFCUS33NOC,UNION BANK N.A.
BOFCUS33POR,UNION BANK N.A.
BOFCUS33SDO,UNION BANK N.A.
BOFCUS33SEA,UNION BANK N.A.
BOFCUS33SFO,UNION BANK N.A.
BOFCUS33SOC,UNION BANK N.A.
BOFCUS33SOP,UNION BANK N.A.
BOFCUS33TAC,UNION BANK N.A.
BOFCUS33XXX,UNION BANK N.A.
BOFIUS33XXX,BANK OF IRELAND GLOBAL MARKET US
BOFMUS4XXXX,BANK OF MONTREAL
BOFOUS6LXXX,BANK OF THE ORIENT
BOFSUS33XXX,BANK OF SCOTLAND
BOFSUS3NXXX,"BANK OF SCOTLAND, NEW YORK"
BOHIUS77XXX,BANK OF HAWAII
BOTCUS44XXX,THE CLEARING CORPORATION
BOTKUS33XXX,"BANK OF TOKYO-MITSUBISHI UFJ, LTD., THE"
BOTKUS4CXXX,"BANK OF TOKYO-MITSUBISHI UFJ, LTD., THE"
BOTKUS6LXXX,"BANK OF TOKYO-MITSUBISHI UFJ, LTD., THE"
BOTKUS6SXXX,"BANK OF TOKYO-MITSUBISHI UFJ, LTD., THE"
BOTOUS33XXX,"BOTTOMLINE TECHNOLOGIES (DE), INC."
BPIBUS33XXX,BPD BANK
BPTGUS33XXX,THE BAUPOST GROUP
BPUSUS33XXX,BP CORPORATION NORTH AMERICA INC
BRASUS33XXX,BANCO DO BRASIL S.A
BRASUS3MXXX,BANCO DO BRASIL S.A
BRBTUS33XXX,BRANCH BANKING AND TRUST COMPANY
BRBTUS3XXXX,BRANCH BANKING AND TRUST CO.
BRFSUS4TXXX,BREMER BANK N.A.
BRGSUS33XXX,BANCO DO ESTADO DO RIO GRANDE DO SUL-MIAMI BRANCH
BRINUS33XXX,BANK RAKYAT INDONESIA
BRIPUS44XXX,UBS GLOBAL ASSET MANAGEMENT (AMERICAS) INC.
BROUUS33XXX,BANCO DE LA REPUBLICA ORIENTAL DEL URUGUAY
BROWUS32XXX,BROWN ADVISORY INC.
BSABUS3XXXX,"BANCO DE SABADELL, S.A."
BSCHUS33XXX,BANCO SANTANDER S.A. NEW YORK
BSDTUS33CLS,THE BANK OF NEW YORK MELLON
BSDTUS33GBL,THE BANK OF NEW YORK MELLON
BSDTUS33XXX,THE BANK OF NEW YORK MELLON
BSMEUS33XXX,BANGOR SAVINGS BANK
BTCDUS44XXX,BANKERS TRUST COMPANY
BTCOUS44XXX,BENEFIT TRUST COMPANY
BTSIUS44BFX,BANCOMER TRANSFER SERVICES INC.
BTSIUS44BTS,BANCOMER TRANSFER SERVICES INC.
BTSIUS44XXX,BANCOMER TRANSFER SERVICES INC.
BUFBUS3MXXX,BANK UNITED
BWILUS66NYC,WILSHIRE STATE BANK
BWILUS66XXX,WILSHIRE STATE BANK
BWSTUS66LAX,BANK OF THE WEST
BWSTUS66XXX,BANK OF THE WEST
BWTRUS33XXX,"BRIDGEWATER ASSOCIATES, LP"
BXGRUS33LDN,BLACKSTONE ADVISORY PARTNERS LP
BXGRUS33SIN,BLACKSTONE ADVISORY PARTNERS LP
BXGRUS33XXX,BLACKSTONE ADVISORY PARTNERS LP
BXTRUS4DXXX,BAXTER HEALTHCARE CORPORATION
BYLAUS33IBF,BAYERISCHE LANDESBANK
BYLAUS33NYC,BAYERISCHE LANDESBANK
BYLAUS33XXX,BAYERISCHE LANDESBANK
CABGUS33XXX,CAMBRIDGE SAVINGS BANK 
CAFEUS3MXXX,BANCO DAVIVIENDA S.A.
CAGLUS3MXXX,CAJA DE AHORROS DE GALICIA 
CAHMUS3MXXX,"BANKIA S.A., MIAMI AGENCY"
CALBUS66LAX,CALIFORNIA BANK AND TRUST 
CALBUS66XXX,CALIFORNIA BANK AND TRUST 
CALCUS6LXXX,BANAMEX USA
CANFUS33CPB,CANTOR FITZGERALD AND CO. 
CANFUS33FIN,CANTOR FITZGERALD AND CO. 
CANFUS33ITD,CANTOR FITZGERALD AND CO. 
CANFUS33XXX,CANTOR FITZGERALD AND CO. 
CATHUS6LNYC,CATHAY BANK 
CATHUS6LXXX,CATHAY BANK 
CAWLUS44XXX,THE CALLAWAY BANK
CBBKUS6L940,CITIZENS BUSINESS BANK
CBBKUS6LWIR,CITIZENS BUSINESS BANK
CBBKUS6LXXX,CITIZENS BUSINESS BANK
CBKCUS44STL,COMMERCE BANK
CBKCUS44XXX,COMMERCE BANK
CBNKUS6SXXX,CALIFORNIA PACIFIC BANK 
CBPBUS6LXXX,COMMUNITY BANK
CCBCUS33XXX,"CHANG HWA COMMERCIAL BANK, LTD., NEW YORK BRANCH "
CCBCUS6LXXX,"CHANG HWA COMMERCIAL BANK, LTD., LOS ANGELES BRANCH "
CCEBUS6LXXX,BBCN BANK
CDBKUS44XXX,"CADENCE BANK, N.A. "
CELGUS3SXXX,CELGENE CORPORATION 
CEOAUS44XXX,CERNER CORPORATION 
CEPBUS77XXX,CENTRAL PACIFIC BANK 
CESAUS33XXX,"CENTRE ASSET MANAGEMENT, LLC "
CFNYUS33XXX,"CORPORATE FUNDING PARTNERS,LLC."
CGAMUS33XXX,"CLEARBRIDGE ADVISORS, LLC"
CGAMUS3AXXX,"CLEARBRIDGE ADVISORS, LLC"
CGCOUS33XXX,COMPASS GROUP LLC
CGDIUS33XXX,"CAIXA GERAL DE DEPOSITOS, NEW YORK BRANCH "
CGTCUS66XXX,CAPITAL GUARDIAN TRUST COMPANY 
CHASUS33AEG,"JPMORGAN CHASE BANK, N.A."
CHASUS33ARP,"JPMORGAN CHASE BANK, N.A."
CHASUS33BDD,"JPMORGAN CHASE BANK, N.A."
CHASUS33BRA,"JPMORGAN CHASE BANK, N.A."
CHASUS33C80,"JPMORGAN CHASE BANK, N.A."
CHASUS33CCC,"JPMORGAN CHASE BANK, N.A."
CHASUS33CON,"JPMORGAN CHASE BANK, N.A."
CHASUS33DEV,"JPMORGAN CHASE BANK, N.A."
CHASUS33DIS,"JPMORGAN CHASE BANK, N.A."
CHASUS33DPC,"JPMORGAN CHASE BANK, N.A."
CHASUS33DUP,"JPMORGAN CHASE BANK, N.A."
CHASUS33FXR,"JPMORGAN CHASE BANK, N.A."
CHASUS33FXS,"JPMORGAN CHASE BANK, N.A."
CHASUS33IBF,"JPMORGAN CHASE BANK, N.A."
CHASUS33MAA,"JPMORGAN CHASE BANK, N.A."
CHASUS33OB1,"JPMORGAN CHASE BANK, N.A."
CHASUS33OC1,"JPMORGAN CHASE BANK, N.A."
CHASUS33OC2,"JPMORGAN CHASE BANK, N.A."
CHASUS33OC3,"JPMORGAN CHASE BANK, N.A."
CHASUS33OG1,"JPMORGAN CHASE BANK, N.A."
CHASUS33OU1,"JPMORGAN CHASE BANK, N.A."
CHASUS33OU2,"JPMORGAN CHASE BANK, N.A."
CHASUS33OU3,"JPMORGAN CHASE BANK, N.A."
CHASUS33OUB,"JPMORGAN CHASE BANK, N.A."
CHASUS33OUG,"JPMORGAN CHASE BANK, N.A."
CHASUS33PBR,"JPMORGAN CHASE BANK, N.A."
CHASUS33QAC,"JPMORGAN CHASE BANK, N.A."
CHASUS33RMB,"JPMORGAN CHASE BANK, N.A."
CHASUS33SBD,"JPMORGAN CHASE BANK, N.A."
CHASUS33SGC,"JPMORGAN CHASE BANK, N.A."
CHASUS33SIM,"JPMORGAN CHASE BANK, N.A."
CHASUS33TMG,"JPMORGAN CHASE BANK, N.A."
CHASUS33UAT,"JPMORGAN CHASE BANK, N.A."
CHASUS33UBD,"JPMORGAN CHASE BANK, N.A."
CHASUS33UCO,"JPMORGAN CHASE BANK, N.A."
CHASUS33UGC,"JPMORGAN CHASE BANK, N.A."
CHASUS33UIM,"JPMORGAN CHASE BANK, N.A."
CHASUS33VEC,"JPMORGAN CHASE BANK, N.A."
CHASUS33XXX,"JPMORGAN CHASE BANK, N.A."
CHASUSU2PEF,"JPMORGAN CHASE BANK,N.A."
CHASUSU2XXX,"JPMORGAN CHASE BANK,N.A."
CHASUSU3KEY,"JPMORGAN CHASE BANK, N.A."
CHASUSU3MX0,"JPMORGAN CHASE BANK, N.A."
CHASUSU3MX1,"JPMORGAN CHASE BANK, N.A."
CHASUSU3MX2,"JPMORGAN CHASE BANK, N.A."
CHASUSU3MX3,"JPMORGAN CHASE BANK, N.A."
CHASUSU3MX4,"JPMORGAN CHASE BANK, N.A."
CHASUSU3MX5,"JPMORGAN CHASE BANK, N.A."
CHASUSU3MX6,"JPMORGAN CHASE BANK, N.A."
CHASUSU3MX7,"JPMORGAN CHASE BANK, N.A."
CHASUSU3MX8,"JPMORGAN CHASE BANK, N.A."
CHASUSU3MX9,"JPMORGAN CHASE BANK, N.A."
CHASUSU3XXX,"JPMORGAN CHASE BANK, N.A."
CHBAUS33XXX,"THE CHIBA BANK LTD., NEW YORK BRANCH"
CHEMUS33XXX,CHEMICAL BANK 
CHFXUS6SXXX,CUSTOM HOUSE (USA) LTD.
CIBCUS33IBF,CANADIAN IMPERIAL BANK OF COMMERCE 
CIBCUS33XXX,CANADIAN IMPERIAL BANK OF COMMERCE 
CINAUS6LXXX,CITY NATIONAL BANK
CINDUS4HXXX,COOPER US INC
CISSUS44CGI,MINNETONKA INSURANCE COMPANY
CISSUS44FSC,MINNETONKA INSURANCE COMPANY
CISSUS44FSI,MINNETONKA INSURANCE COMPANY
CISSUS44XXX,MINNETONKA INSURANCE COMPANY
CITGUS442CP,"CITADEL INVESTMENT GROUP, L.L.C."
CITGUS44AAM,"CITADEL INVESTMENT GROUP, L.L.C. "
CITGUS44ACC,"CITADEL INVESTMENT GROUP, L.L.C. "
CITGUS44ACI,"CITADEL INVESTMENT GROUP, L.L.C. "
CITGUS44AMB,"CITADEL INVESTMENT GROUP, L.L.C."
CITGUS44AOH,"CITADEL INVESTMENT GROUP, L.L.C."
CITGUS44ARG,"CITADEL INVESTMENT GROUP, L.L.C. "
CITGUS44ASA,"CITADEL INVESTMENT GROUP, L.L.C. "
CITGUS44ASC,"CITADEL INVESTMENT GROUP, L.L.C."
CITGUS44ASH,"CITADEL INVESTMENT GROUP, L.L.C."
CITGUS44ASM,"CITADEL INVESTMENT GROUP, L.L.C."
CITGUS44ATA,"CITADEL INVESTMENT GROUP, L.L.C. "
CITGUS44BRA,"CITADEL INVESTMENT GROUP, L.L.C."
CITGUS44C2L,"CITADEL INVESTMENT GROUP, L.L.C. "
CITGUS44CAA,"CITADEL INVESTMENT GROUP, L.L.C. "
CITGUS44CAL,"CITADEL INVESTMENT GROUP, L.L.C. "
CITGUS44CAM,"CITADEL INVESTMENT GROUP, L.L.C. "
CITGUS44CAS,"CITADEL INVESTMENT GROUP, L.L.C."
CITGUS44CCD,"CITADEL INVESTMENT GROUP, L.L.C. "
CITGUS44CCL,"CITADEL INVESTMENT GROUP, L.L.C. "
CITGUS44CCO,"CITADEL INVESTMENT GROUP, L.L.C. "
CITGUS44CCP,"CITADEL INVESTMENT GROUP, L.L.C."
CITGUS44CD2,"CITADEL INVESTMENT GROUP, L.L.C. "
CITGUS44CD3,"CITADEL INVESTMENT GROUP, L.L.C. "
CITGUS44CDC,"CITADEL INVESTMENT GROUP, L.L.C."
CITGUS44CDG,"CITADEL INVESTMENT GROUP, L.L.C."
CITGUS44CDP,"CITADEL INVESTMENT GROUP, L.L.C. "
CITGUS44CDT,"CITADEL INVESTMENT GROUP, L.L.C. "
CITGUS44CEC,"CITADEL INVESTMENT GROUP, L.L.C."
CITGUS44CEF,"CITADEL INVESTMENT GROUP, L.L.C."
CITGUS44CEP,"CITADEL INVESTMENT GROUP, L.L.C."
CITGUS44CES,"CITADEL INVESTMENT GROUP, L.L.C. "
CITGUS44CFB,"CITADEL INVESTMENT GROUP, L.L.C. "
CITGUS44CFC,"CITADEL INVESTMENT GROUP, L.L.C. "
CITGUS44CFD,"CITADEL INVESTMENT GROUP, L.L.C. "
CITGUS44CFL,"CITADEL INVESTMENT GROUP, L.L.C. "
CITGUS44CGA,"CITADEL INVESTMENT GROUP, L.L.C. "
CITGUS44CGM,"CITADEL INVESTMENT GROUP, L.L.C. "
CITGUS44CH1,"CITADEL INVESTMENT GROUP, L.L.C. "
CITGUS44CH2,"CITADEL INVESTMENT GROUP, L.L.C. "
CITGUS44CH3,"CITADEL INVESTMENT GROUP, L.L.C."
CITGUS44CHL,"CITADEL INVESTMENT GROUP, L.L.C."
CITGUS44CID,"CITADEL INVESTMENT GROUP, L.L.C. "
CITGUS44CIF,"CITADEL INVESTMENT GROUP, L.L.C."
CITGUS44CIL,"CITADEL INVESTMENT GROUP, L.L.C."
CITGUS44CIP,"CITADEL INVESTMENT GROUP, L.L.C."
CITGUS44CLP,"CITADEL INVESTMENT GROUP, L.L.C."
CITGUS44CMC,"CITADEL INVESTMENT GROUP, L.L.C."
CITGUS44COD,"CITADEL INVESTMENT GROUP, L.L.C."
CITGUS44COH,"CITADEL INVESTMENT GROUP, L.L.C."
CITGUS44COL,"CITADEL INVESTMENT GROUP, L.L.C."
CITGUS44COM,"CITADEL INVESTMENT GROUP, L.L.C."
CITGUS44COR,"CITADEL INVESTMENT GROUP, L.L.C."
CITGUS44CPL,"CITADEL INVESTMENT GROUP, L.L.C."
CITGUS44CSC,"CITADEL INVESTMENT GROUP, L.L.C."
CITGUS44CSE,"CITADEL INVESTMENT GROUP, L.L.C."
CITGUS44CSL,"CITADEL INVESTMENT GROUP, L.L.C."
CITGUS44CST,"CITADEL INVESTMENT GROUP, L.L.C."
CITGUS44CT2,"CITADEL INVESTMENT GROUP, L.L.C."
CITGUS44CTC,"CITADEL INVESTMENT GROUP, L.L.C. "
CITGUS44CTD,"CITADEL INVESTMENT GROUP, L.L.C. "
CITGUS44CTG,"CITADEL INVESTMENT GROUP, L.L.C."
CITGUS44CTI,"CITADEL INVESTMENT GROUP, L.L.C. "
CITGUS44CTL,"CITADEL INVESTMENT GROUP, L.L.C. "
CITGUS44CTO,"CITADEL INVESTMENT GROUP, L.L.C. "
CITGUS44CWL,"CITADEL INVESTMENT GROUP, L.L.C."
CITGUS44CXH,"CITADEL INVESTMENT GROUP, L.L.C. "
CITGUS44CYC,"CITADEL INVESTMENT GROUP, L.L.C."
CITGUS44CYD,"CITADEL INVESTMENT GROUP, L.L.C."
CITGUS44CYH,"CITADEL INVESTMENT GROUP, L.L.C."
CITGUS44DFP,"CITADEL INVESTMENT GROUP, L.L.C. "
CITGUS44DFT,"CITADEL INVESTMENT GROUP, L.L.C. "
CITGUS44DGE,"CITADEL INVESTMENT GROUP, L.L.C."
CITGUS44DGH,"CITADEL INVESTMENT GROUP, L.L.C."
CITGUS44DMN,"CITADEL INVESTMENT GROUP, L.L.C."
CITGUS44DRG,"CITADEL INVESTMENT GROUP, L.L.C."
CITGUS44DXI,"CITADEL INVESTMENT GROUP, L.L.C. "
CITGUS44ECA,"CITADEL INVESTMENT GROUP, L.L.C."
CITGUS44ECC,"CITADEL INVESTMENT GROUP, L.L.C."
CITGUS44ECD,"CITADEL INVESTMENT GROUP, L.L.C."
CITGUS44ECP,"CITADEL INVESTMENT GROUP, L.L.C."
CITGUS44EHC,"CITADEL INVESTMENT GROUP, L.L.C. "
CITGUS44EHP,"CITADEL INVESTMENT GROUP, L.L.C."
CITGUS44EHS,"CITADEL INVESTMENT GROUP, L.L.C."
CITGUS44EIF,"CITADEL INVESTMENT GROUP, L.L.C."
CITGUS44EII,"CITADEL INVESTMENT GROUP, L.L.C."
CITGUS44EIL,"CITADEL INVESTMENT GROUP, L.L.C. "
CITGUS44EIM,"CITADEL INVESTMENT GROUP, L.L.C."
CITGUS44EIP,"CITADEL INVESTMENT GROUP, L.L.C."
CITGUS44EMF,"CITADEL INVESTMENT GROUP, L.L.C."
CITGUS44EPS,"CITADEL INVESTMENT GROUP, L.L.C."
CITGUS44EVL,"CITADEL INVESTMENT GROUP, L.L.C. "
CITGUS44FAR,"CITADEL INVESTMENT GROUP, L.L.C."
CITGUS44FDC,"CITADEL INVESTMENT GROUP, L.L.C. "
CITGUS44FDF,"CITADEL INVESTMENT GROUP, L.L.C. "
CITGUS44FDL,"CITADEL INVESTMENT GROUP, L.L.C. "
CITGUS44FID,"CITADEL INVESTMENT GROUP, L.L.C."
CITGUS44FIF,"CITADEL INVESTMENT GROUP, L.L.C. "
CITGUS44FIL,"CITADEL INVESTMENT GROUP, L.L.C."
CITGUS44FIM,"CITADEL INVESTMENT GROUP, L.L.C."
CITGUS44FIO,"CITADEL INVESTMENT GROUP, L.L.C."
CITGUS44FIS,"CITADEL INVESTMENT GROUP, L.L.C."
CITGUS44FLC,"CITADEL INVESTMENT GROUP, L.L.C. "
CITGUS44FOH,"CITADEL INVESTMENT GROUP, L.L.C. "
CITGUS44FPC,"CITADEL INVESTMENT GROUP, L.L.C."
CITGUS44FPS,"CITADEL INVESTMENT GROUP, L.L.C."
CITGUS44FS2,"CITADEL INVESTMENT GROUP, L.L.C."
CITGUS44FSF,"CITADEL INVESTMENT GROUP, L.L.C. "
CITGUS44FSI,"CITADEL INVESTMENT GROUP, L.L.C. "
CITGUS44FSL,"CITADEL INVESTMENT GROUP, L.L.C. "
CITGUS44FSS,"CITADEL INVESTMENT GROUP, L.L.C."
CITGUS44FTC,"CITADEL INVESTMENT GROUP, L.L.C."
CITGUS44GAC,"CITADEL INVESTMENT GROUP, L.L.C."
CITGUS44GAD,"CITADEL INVESTMENT GROUP, L.L.C."
CITGUS44GAF,"CITADEL INVESTMENT GROUP, L.L.C."
CITGUS44GAH,"CITADEL INVESTMENT GROUP, L.L.C."
CITGUS44GBD,"CITADEL INVESTMENT GROUP, L.L.C."
CITGUS44GEC,"CITADEL INVESTMENT GROUP, L.L.C."
CITGUS44GED,"CITADEL INVESTMENT GROUP, L.L.C."
CITGUS44GEM,"CITADEL INVESTMENT GROUP, L.L.C."
CITGUS44GEO,"CITADEL INVESTMENT GROUP, L.L.C."
CITGUS44GEP,"CITADEL INVESTMENT GROUP, L.L.C."
CITGUS44GES,"CITADEL INVESTMENT GROUP, L.L.C."
CITGUS44GET,"CITADEL INVESTMENT GROUP, L.L.C."
CITGUS44GFP,"CITADEL INVESTMENT GROUP, L.L.C."
CITGUS44GHD,"CITADEL INVESTMENT GROUP, L.L.C."
CITGUS44GHS,"CITADEL INVESTMENT GROUP, L.L.C."
CITGUS44GIM,"CITADEL INVESTMENT GROUP, L.L.C."
CITGUS44GIS,"CITADEL INVESTMENT GROUP, L.L.C."
CITGUS44GLB,"CITADEL INVESTMENT GROUP, L.L.C."
CITGUS44GLC,"CITADEL INVESTMENT GROUP, L.L.C. "
CITGUS44GTS,"CITADEL INVESTMENT GROUP, L.L.C."
CITGUS44HHS,"CITADEL INVESTMENT GROUP, L.L.C."
CITGUS44HKD,"CITADEL INVESTMENT GROUP, L.L.C."
CITGUS44HLC,"CITADEL INVESTMENT GROUP, L.L.C. "
CITGUS44HLD,"CITADEL INVESTMENT GROUP, L.L.C. "
CITGUS44HLP,"CITADEL INVESTMENT GROUP, L.L.C. "
CITGUS44HRZ,"CITADEL INVESTMENT GROUP, L.L.C."
CITGUS44KFI,"CITADEL INVESTMENT GROUP, L.L.C. "
CITGUS44KGF,"CITADEL INVESTMENT GROUP, L.L.C."
CITGUS44KGH,"CITADEL INVESTMENT GROUP, L.L.C."
CITGUS44KGO,"CITADEL INVESTMENT GROUP, L.L.C. "
CITGUS44KGT,"CITADEL INVESTMENT GROUP, L.L.C. "
CITGUS44KUK,"CITADEL INVESTMENT GROUP, L.L.C."
CITGUS44KXH,"CITADEL INVESTMENT GROUP, L.L.C. "
CITGUS44LGH,"CITADEL INVESTMENT GROUP, L.L.C."
CITGUS44LGO,"CITADEL INVESTMENT GROUP, L.L.C."
CITGUS44LPH,"CITADEL INVESTMENT GROUP, L.L.C. "
CITGUS44M86,"CITADEL INVESTMENT GROUP, L.L.C."
CITGUS44M87,"CITADEL INVESTMENT GROUP, L.L.C."
CITGUS44M98,"CITADEL INVESTMENT GROUP, L.L.C."
CITGUS44MDA,"CITADEL INVESTMENT GROUP, L.L.C."
CITGUS44MDX,"CITADEL INVESTMENT GROUP, L.L.C. "
CITGUS44MFC,"CITADEL INVESTMENT GROUP, L.L.C."
CITGUS44MFD,"CITADEL INVESTMENT GROUP, L.L.C. "
CITGUS44MMF,"CITADEL INVESTMENT GROUP, L.L.C. "
CITGUS44MMT,"CITADEL INVESTMENT GROUP, L.L.C."
CITGUS44MOC,"CITADEL INVESTMENT GROUP, L.L.C. "
CITGUS44MOF,"CITADEL INVESTMENT GROUP, L.L.C."
CITGUS44OFC,"CITADEL INVESTMENT GROUP, L.L.C. "
CITGUS44OFD,"CITADEL INVESTMENT GROUP, L.L.C. "
CITGUS44OMH,"CITADEL INVESTMENT GROUP, L.L.C."
CITGUS44OPE,"CITADEL INVESTMENT GROUP, L.L.C."
CITGUS44PAL,"CITADEL INVESTMENT GROUP, L.L.C."
CITGUS44PC1,"CITADEL INVESTMENT GROUP, L.L.C."
CITGUS44PCD,"CITADEL INVESTMENT GROUP, L.L.C."
CITGUS44PCS,"CITADEL INVESTMENT GROUP, L.L.C."
CITGUS44POH,"CITADEL INVESTMENT GROUP, L.L.C."
CITGUS44PPC,"CITADEL INVESTMENT GROUP, L.L.C. "
CITGUS44QFC,"CITADEL INVESTMENT GROUP, L.L.C."
CITGUS44QFD,"CITADEL INVESTMENT GROUP, L.L.C."
CITGUS44QJC,"CITADEL INVESTMENT GROUP, L.L.C."
CITGUS44QMF,"CITADEL INVESTMENT GROUP, L.L.C."
CITGUS44QOH,"CITADEL INVESTMENT GROUP, L.L.C."
CITGUS44RDH,"CITADEL INVESTMENT GROUP, L.L.C."
CITGUS44RE2,"CITADEL INVESTMENT GROUP, L.L.C."
CITGUS44REO,"CITADEL INVESTMENT GROUP, L.L.C."
CITGUS44RI2,"CITADEL INVESTMENT GROUP, L.L.C. "
CITGUS44RIH,"CITADEL INVESTMENT GROUP, L.L.C."
CITGUS44RIN,"CITADEL INVESTMENT GROUP, L.L.C."
CITGUS44RIS,"CITADEL INVESTMENT GROUP, L.L.C."
CITGUS44RLP,"CITADEL INVESTMENT GROUP, L.L.C. "
CITGUS44RMA,"CITADEL INVESTMENT GROUP, L.L.C."
CITGUS44RMC,"CITADEL INVESTMENT GROUP, L.L.C."
CITGUS44RMD,"CITADEL INVESTMENT GROUP, L.L.C."
CITGUS44RMH,"CITADEL INVESTMENT GROUP, L.L.C."
CITGUS44RML,"CITADEL INVESTMENT GROUP, L.L.C."
CITGUS44RMM,"CITADEL INVESTMENT GROUP, L.L.C."
CITGUS44RMO,"CITADEL INVESTMENT GROUP, L.L.C."
CITGUS44RMR,"CITADEL INVESTMENT GROUP, L.L.C."
CITGUS44RMS,"CITADEL INVESTMENT GROUP, L.L.C."
CITGUS44RSC,"CITADEL INVESTMENT GROUP, L.L.C."
CITGUS44RWL,"CITADEL INVESTMENT GROUP, L.L.C."
CITGUS44SAR,"CITADEL INVESTMENT GROUP, L.L.C."
CITGUS44SCD,"CITADEL INVESTMENT GROUP, L.L.C."
CITGUS44SCS,"CITADEL INVESTMENT GROUP, L.L.C."
CITGUS44SEL,"CITADEL INVESTMENT GROUP, L.L.C."
CITGUS44SEP,"CITADEL INVESTMENT GROUP, L.L.C."
CITGUS44SGD,"CITADEL INVESTMENT GROUP, L.L.C."
CITGUS44SGT,"CITADEL INVESTMENT GROUP, L.L.C."
CITGUS44SHG,"CITADEL INVESTMENT GROUP, L.L.C."
CITGUS44SHS,"CITADEL INVESTMENT GROUP, L.L.C."
CITGUS44SLS,"CITADEL INVESTMENT GROUP, L.L.C."
CITGUS44SND,"CITADEL INVESTMENT GROUP, L.L.C."
CITGUS44SNT,"CITADEL INVESTMENT GROUP, L.L.C."
CITGUS44SOL,"CITADEL INVESTMENT GROUP, L.L.C."
CITGUS44SPC,"CITADEL INVESTMENT GROUP, L.L.C."
CITGUS44SPN,"CITADEL INVESTMENT GROUP, L.L.C."
CITGUS44SPR,"CITADEL INVESTMENT GROUP, L.L.C."
CITGUS44SRC,"CITADEL INVESTMENT GROUP, L.L.C."
CITGUS44SRL,"CITADEL INVESTMENT GROUP, L.L.C."
CITGUS44SRV,"CITADEL INVESTMENT GROUP, L.L.C."
CITGUS44SSP,"CITADEL INVESTMENT GROUP, L.L.C."
CITGUS44SYN,"CITADEL INVESTMENT GROUP, L.L.C."
CITGUS44TCD,"CITADEL INVESTMENT GROUP, L.L.C."
CITGUS44TDC,"CITADEL INVESTMENT GROUP, L.L.C."
CITGUS44TDL,"CITADEL INVESTMENT GROUP, L.L.C."
CITGUS44TRC,"CITADEL INVESTMENT GROUP, L.L.C."
CITGUS44TRM,"CITADEL INVESTMENT GROUP, L.L.C."
CITGUS44TRP,"CITADEL INVESTMENT GROUP, L.L.C."
CITGUS44TTH,"CITADEL INVESTMENT GROUP, L.L.C."
CITGUS44TTO,"CITADEL INVESTMENT GROUP, L.L.C."
CITGUS44TWT,"CITADEL INVESTMENT GROUP, L.L.C."
CITGUS44WIN,"CITADEL INVESTMENT GROUP, L.L.C."
CITGUS44WLA,"CITADEL INVESTMENT GROUP, L.L.C."
CITGUS44WLB,"CITADEL INVESTMENT GROUP, L.L.C."
CITGUS44WLC,"CITADEL INVESTMENT GROUP, L.L.C."
CITGUS44WLH,"CITADEL INVESTMENT GROUP, L.L.C."
CITGUS44WLI,"CITADEL INVESTMENT GROUP, L.L.C."
CITGUS44WLT,"CITADEL INVESTMENT GROUP, L.L.C."
CITGUS44WOD,"CITADEL INVESTMENT GROUP, L.L.C."
CITGUS44XXX,"CITADEL INVESTMENT GROUP, L.L.C."
CITIUS33ACP,CITIBANK N.A.
CITIUS33ADR,CITIBANK N.A.
CITIUS33AGF,CITIBANK N.A.
CITIUS33BNC,CITIBANK N.A.
CITIUS33CAL,CITIBANK N.A.
CITIUS33CBK,CITIBANK N.A.
CITIUS33CDS,CITIBANK N.A.
CITIUS33CHI,CITIBANK INTERNATIONAL
CITIUS33CLR,CITIBANK N.A.
CITIUS33CPE,CITIBANK N.A.
CITIUS33CRD,CITIBANK N.A.
CITIUS33CRP,CITIBANK N.A.
CITIUS33CSA,CITIBANK N.A.
CITIUS33CTA,CITIBANK N.A.
CITIUS33CTI,CITIBANK N.A.
CITIUS33DBO,CITIBANK N.A.
CITIUS33DEL,CITIBANK N.A.
CITIUS33EFX,CITIBANK N.A.
CITIUS33EMC,CITIBANK N.A.
CITIUS33EUC,CITIBANK N.A.
CITIUS33FOR,CITIBANK N.A.
CITIUS33GCM,CITIBANK N.A.
CITIUS33GPC,CITIBANK N.A.
CITIUS33GPD,CITIBANK N.A.
CITIUS33GPF,CITIBANK N.A.
CITIUS33GPT,CITIBANK N.A.
CITIUS33GRP,CITIBANK N.A.
CITIUS33GWM,CITIBANK N.A.
CITIUS33HFS,CITIBANK N.A.
CITIUS33IMO,CITIBANK N.A.
CITIUS33LAX,CITIBANK INTERNATIONAL
CITIUS33LIQ,CITIBANK N.A.
CITIUS33MCG,CITIBANK N.A.
CITIUS33MIA,CITIBANK N.A.
CITIUS33OLI,CITIBANK N.A.
CITIUS33OPC,CITIBANK N.A.
CITIUS33OSL,CITIBANK N.A.
CITIUS33PBG,CITIBANK N.A.
CITIUS33TSU,CITIBANK N.A.
CITIUS33VCM,CITIBANK N.A.
CITIUS33XXX,CITIBANK N.A.
CITIUS3PPBX,CITIBANK N.A
CITIUS3PXXX,CITIBANK N.A
CLSBUS33XXX,CLS BANK INTERNATIONAL
CMBCUS33XXX,"CHINA MERCHANTS BANK CO., LTD. "
CMCIUS33GCI,"CREDIT INDUSTRIEL ET COMMERCIAL, NEW YORK BRANCH"
CMCIUS33IBF,"CREDIT INDUSTRIEL ET COMMERCIAL, NEW YORK BRANCH"
CMCIUS33XXX,"CREDIT INDUSTRIEL ET COMMERCIAL, NEW YORK BRANCH"
CMOPUS3BXXX,"COLUMBIA MANAGEMENT ADVISORS, LLC"
CNBFUS3MXXX,CITY NATIONAL BANK OF FLORIDA
CNORUS33XXX,"NORTHERN TRUST INTERNATIONAL BANKING CORPORATION, THE"
CNORUS3MXXX,"THE NORTHERN TRUST COMPANY, MIAMI"
CNORUS44MGT,"NORTHERN TRUST COMPANY, THE"
CNORUS44MMK,"NORTHERN TRUST COMPANY, THE"
CNORUS44SMK,"NORTHERN TRUST COMPANY, THE"
CNORUS44XXX,"NORTHERN TRUST COMPANY, THE"
COBAUS3XIBF,COMMERZBANK AG
COBAUS3XUSF,COMMERZBANK AG
COBAUS3XXXX,COMMERZBANK AG
COGYUS33XXX,"CONSTELLATION ENERGY GROUP, INC."
COLBUS66XXX,COLUMBIA STATE BANK
COLEUS44XXX,COLE TAYLOR BANK
COLOUS33XXX,BANCOLOMBIA S.A. MIAMI AGENCY
COLOUS3MXXX,JGB BANK
COMCUS33XXX,COMCAST CAPITAL CORPORATION
COMHUS33XXX,COMMUNITY BANKERS’ BANK
COMMUS33XXX,BANK OF COMMUNICATIONS
COMMUS66XXX,BANK OF COMMUNICATIONS CO. LTD SAN FRANCISCO BRANCH
CONBUS33XXX,CORPBANCA NEW YORK BRANCH
CONNUS3HXXX,CONNING ASSET MANAGEMENT
COSRUS3MXXX,"BANCO INTERNACIONAL DE COSTA RICA, MIAMI AGENCY"
CPASUS44LNB,COMPASS BANK
CPASUS44XXX,COMPASS BANK
CRBKUS6LXXX,CALIFORNIA REPUBLIC BANK 
CREDUS3MXXX,"BANCO DE CREDITO E INVERSIONES, MIAMI BRANCH"
CRESUS33FXO,"CREDIT SUISSE AG, NEW YORK BRANCH"
CRESUS33LCO,"CREDIT SUISSE AG, NEW YORK BRANCH"
CRESUS33LIQ,"CREDIT SUISSE AG, NEW YORK BRANCH"
CRESUS33LNO,"CREDIT SUISSE AG, NEW YORK BRANCH"
CRESUS33MMO,"CREDIT SUISSE AG, NEW YORK BRANCH"
CRESUS33PBS,"CREDIT SUISSE AG, NEW YORK BRANCH"
CRESUS33PMO,"CREDIT SUISSE AG, NEW YORK BRANCH"
CRESUS33RDC,"CREDIT SUISSE AG, NEW YORK BRANCH"
CRESUS33SYN,"CREDIT SUISSE AG, NEW YORK BRANCH"
CRESUS33XXX,"CREDIT SUISSE AG, NEW YORK BRANCH"
CRESUS3NXXX,"CREDIT SUISSE AG, NEW YORK BRANCH"
CRLSUS33SMK,CREDIT AGRICOLE SECURITIES USA INC
CRLSUS33XXX,CREDIT AGRICOLE SECURITIES USA INC
CRLSUS3SCLR,CREDIT AGRICOLE SECURITIES USA INC
CRLYUS33IBF,CREDIT AGRICOLE CIB
CRLYUS33XXX,CREDIT AGRICOLE CIB
CRMCUS66XXX,CAPITAL RESEARCH AND MANAGEMENT COMPANY 
CSBKUS33XXX,CENTERSTATE BANK OF FLORIDA 
CSCHUS6SGLB,"CHARLES SCHWAB AND CO., INC. "
CSCHUS6SPFX,"CHARLES SCHWAB AND CO., INC. "
CSCHUS6STRE,"CHARLES SCHWAB AND CO., INC. "
CSCHUS6SWTS,"CHARLES SCHWAB AND CO., INC. "
CSCHUS6SXXX,"CHARLES SCHWAB AND CO., INC. "
CSCOUS66XXX,CISCO SYSTEMS INC 
CSCXUS33XXX,COMPUTER SCIENCES CORPORATION
CSFBUS33AID,CREDIT SUISSE SECURITIES (USA) LLC
CSFBUS33OCE,CREDIT SUISSE SECURITIES (USA) LLC
CSFBUS33PBK,CREDIT SUISSE SECURITIES (USA) LLC
CSFBUS33RDC,CREDIT SUISSE SECURITIES (USA) LLC
CSFBUS33TRS,CREDIT SUISSE SECURITIES (USA) LLC
CSFBUS33XXX,CREDIT SUISSE SECURITIES (USA) LLC
CSFBUS3LCMU,CREDIT SUISSE CAPITAL LLC
CSFBUS3LXXX,CREDIT SUISSE CAPITAL LLC
CSFXUS6SXXX,CHARLES SCHWAB GLOBAL SERVICES CORP. 
CSLLUS44CES,NORTHERN TRUST HEDGE FUND SERVICES
CSLLUS44CGE,NORTHERN TRUST HEDGE FUND SERVICES
CSLLUS44KFI,NORTHERN TRUST HEDGE FUND SERVICES
CSLLUS44XXX,NORTHERN TRUST HEDGE FUND SERVICES
CTBAUS33DEL,COMMONWEALTH BANK OF AUSTRALIA
CTBAUS33FXD,COMMONWEALTH BANK OF AUSTRALIA
CTBAUS33IBF,COMMONWEALTH BANK OF AUSTRALIA
CTBAUS33XXX,COMMONWEALTH BANK OF AUSTRALIA
CTCBUS33XXX,CHINATRUST COMMERCIAL BANK 
CTHCUS66XXX,CHINATRUST BANK (USA) 
CTPLUS44XXX,CATERPILLAR INC. 
CTZIUS33BKT,"RBS CITIZENS, NA"
CTZIUS33SPT,"RBS CITIZENS, NA"
CTZIUS33XXX,"RBS CITIZENS, NA"
CUCBUS44XXX,COUNTRY CLUB BANK
CURAUS33XXX,"COOPERATIVE FOR ASSISTANCE AND RELIEF EVERYWHERE, INC."
CUTCUS33XXX,"CTC/JP MORGAN CHASE BANK, NA"
CUTWUS33XXX,CUTWATER ASSET MANAGEMENT
CVGXUS33XXX,BNY CONVERGEX EXECUTION SOLUTIONS LLC
CWAAUS4AXXX,COLUMBIA WANGER ASSET MANAGEMENT LP
CWANUS55XXX,CLEARWATER ANALYTICS
CWBBUS6LXXX,COMMONWEALTH BUSINESS BANK
CZNBUS33XXX,"KOOKMIN BANK, NEW YORK BRANCH"
DANAUS33XXX,DANA LIMITED
DBNKUS3PXXX,DOLLAR BANK FSB
DBSSUS6LXXX,"DBS BANK LTD, LOS ANGELES AGENCY"
DCAGUS33IBA,DAIMLER NORTH AMERICA CORPORATION
DCAGUS33XXX,DAIMLER NORTH AMERICA CORPORATION
DCCIUS44XXX,DELL USA LP
DCCTUS33XXX,DOW CORNING CORPORATION
DEEPUS4HXXX,TRANSOCEAN OFFSHORE DEEPWATER DRILLING INC
DETCUS33XXX,DEPOSITORY TRUST COMPANY
DEUTUS33APX,DEUTSCHE BANK AG
DEUTUS33CHI,DEUTSCHE BANK AG
DEUTUS33COM,DEUTSCHE BANK AG
DEUTUS33CUS,DEUTSCHE BANK AG
DEUTUS33IBF,DEUTSCHE BANK AG
DEUTUS33LAX,DEUTSCHE BANK AG
DEUTUS33PBK,DEUTSCHE BANK AG
DEUTUS33XXX,DEUTSCHE BANK AG
DFASUS33XXX,DEFENSE FINANCE ACCOUNTING SERVICE
DFNAUS33XXX,DAIMLER FINANCE NORTH AMERICA LLC C/O THE CORPORATION TRUST COMPANY
DIEXUS33XXX,DIRHAM EXPRESS
DINVUS33XXX,DELAWARE MANAGEMENT BUSINESS TRUST
DMRLUS33XXX,DECLARATION MANAGEMENT AND RESEARCH LLC
DNAFUS33XXX,DAIMLER NORTH AMERICA FINANCE CORP.
DNBAUS33IBF,"DNB BANK ASA, NEW YORK BRANCH"
DNBAUS33XXX,"DNB BANK ASA, NEW YORK BRANCH"
DOWCUS33XXX,"DOW CHEMICAL COMPANY, THE"
DPFAUS33XXX,"DEPFA BANK PLC, NEW YORK BRANCH"
DSANUS3NXXX,DAIWA CAPITAL MARKETS AMERICA INC.
DSECUS33INT,COMMERZ MARKETS LLC
DSECUS33XXX,COMMERZ MARKETS LLC
DTCCUS33NRA,DEPOSITORY TRUST AND CLEARING CORPORATION
DTCCUS33XXX,DEPOSITORY TRUST AND CLEARING CORPORATION
DTCCUS3ACFC,DEPOSITORY TRUST AND CLEARING CORPORATION
DTCCUS3ACOT,DEPOSITORY TRUST AND CLEARING CORPORATION
DTCCUS3AXXX,DEPOSITORY TRUST AND CLEARING CORPORATION
DTCCUS3BXXX,DEPOSITORY TRUST AND CLEARING CORPORATION
DTCCUS3NCAP,DEPOSITORY TRUST AND CLEARING CORPORATION
DTCCUS3NCFC,DEPOSITORY TRUST AND CLEARING CORPORATION
DTCCUS3NCOT,DEPOSITORY TRUST AND CLEARING CORPORATION
DTCCUS3NDLK,DEPOSITORY TRUST AND CLEARING CORPORATION
DTCCUS3NGCA,DEPOSITORY TRUST AND CLEARING CORPORATION
DTCCUS3NGCV,DEPOSITORY TRUST AND CLEARING CORPORATION
DTCCUS3NSET,DEPOSITORY TRUST AND CLEARING CORPORATION
DTCCUS3NXXX,DEPOSITORY TRUST AND CLEARING CORPORATION
DTCYUS33XXX,"DEPOSITORY TRUST COMPANY, THE"
DUPTUS33XXX,E.I. DUPONT DE NEMOURS
DWRIUS3AXXX,MORGAN STANLEY SMITH BARNEY LLC
DXIAUS33XXX,DEXIA CREDIT LOCAL
DYNIUS33XXX,DYNCORP INTERNATIONAL
EBAYUS66XXX,EBAY INC.
EBTCUS33XXX,ENTERPRISE BANK AND TRUST COMPANY
EBTXUS44XXX,ENCORE BANK NA
ECSFUS33LOC,ECS HOLDING AND TRUST INC
ECSFUS33XXX,ECS HOLDING AND TRUST INC
EFCUUS33XXX,ESL FEDERAL CREDIT UNION
ELESUS33XXX,"ELESSAR INVESTMENT MANAGEMENT, LLC"
EMNAUS33XXX,EMPIRE NATIONAL BANK
ENBKUS3MXXX,EASTERN NATIONAL BANK
ENTRUS44XXX,ENTERPRISE BANK AND TRUST
ESBFUS3MXXX,ESPIRITO SANTO BANK
ESECUS33XXX,SECURITIES FINANCE TRUST COMPANY
ESPCUS3NXXX,BANCO ESPANOL DE CREDITO
ESSEUS33XXX,SKANDINAVISKA ENSKILDA BANKEN – NEW YORK BRANCH
ESSIUS3NXXX,"BANCO ESPIRITO SANTO DE INVESTIMENTO, S.A."
ESTLUS33XXX,ESTEE LAUDER
ESUNUS6LXXX,"E.SUN COMMERCIAL BANK, LOS ANGELES BRANCH"
ETBKUS6LXXX,EVERTRUST BANK
ETVCUS33XXX,EATON VANCE MANAGEMENT
EVBKUS3MXXX,EVERBANK
EWBKUS66SFO,EAST-WEST BANK
EWBKUS66XXX,EAST-WEST BANK
FAMBUS44XXX,FIRST AMERICAN BANK
FBNKUS44XXX,FOSTER BANK
FBOCUS66XXX,"TAIWAN COOPERATIVE BANK, SEATTLE BRANCH"
FBOCUS6LXXX,"TAIWAN COOPERATIVE BANK, LOS ANGELES BRANCH"
FBOLUS6LXXX,FIRST BANK
FBOMUS3MXXX,FIRST BANK OF MIAMI
FCBCUS6LXXX,FIRST COMMERCIAL BANK (USA)
FCBKUS33XXX,"FIRST COMMERCIAL BANK, LTD. NEW YORK BRANCH"
FCBKUS66XXX,"FIRST COMMERCIAL BANK, LOS ANGELES BRANCH"
FCBTUS33XXX,FIRST CITIZENS BANK AND TRUST CO.
FCMCUS33XXX,MIZUHO CAPITAL MARKETS CORPORATION
FCNYUS33EDI,FIDUCIARY TRUST COMPANY INTERNATIONAL
FCNYUS33FID,FIDUCIARY TRUST COMPANY INTERNATIONAL
FCNYUS33FTF,FIDUCIARY TRUST COMPANY INTERNATIONAL
FCNYUS33GPS,FIDUCIARY TRUST COMPANY INTERNATIONAL
FCNYUS33MX3,FIDUCIARY TRUST COMPANY INTERNATIONAL
FCNYUS33MX4,FIDUCIARY TRUST COMPANY INTERNATIONAL
FCNYUS33SSP,FIDUCIARY TRUST COMPANY INTERNATIONAL
FCNYUS33TMS,FIDUCIARY TRUST COMPANY INTERNATIONAL
FCNYUS33TMX,FIDUCIARY TRUST COMPANY INTERNATIONAL
FCNYUS33XXX,FIDUCIARY TRUST COMPANY INTERNATIONAL
FDUSUS55XXX,FIRST DATA CORPORATION
FEBKUS6LXXX,1ST ENTERPRISE BANK
FENBUS6LXXX,FAR EAST NATIONAL BANK
FFTWUS33XXX,FISCHER FRANCIS TREES AND WATTS INC.
FGBCUS66XXX,FIRST GENERAL BANK
FHBKUS77XXX,FIRST HAWAIIAN BANK
FICOUS44XXX,SYNOVUS BANK
FIDQUS33XXX,FIDELITY SERVICE CO
FIDQUS3AXXX,FIDELITY SERVICE CO
FIDQUS3BCFO,FIDELITY SERVICE CO
FIDQUS3BDTH,FIDELITY SERVICE CO
FIDQUS3BINV,FIDELITY SERVICE CO
FIDQUS3BTRE,FIDELITY SERVICE CO
FIDQUS3BXXX,FIDELITY SERVICE CO
FIDQUS3PXXX,FIDELITY SERVICE CO
FIEBUS3AXXX,FIRST INTERCONTINENTAL BANK
FLBKUS33GEG,"FULTON BANK, N.A."
FLBKUS33XXX,"FULTON BANK, N.A."
FLOWUS33XXX,TYCO FLOW CONTROL US HOLDING CORPORATION
FLURUS44XXX,FLUOR CORPORATION
FMACUS33XXX,FREDDIE MAC
FMACUS3WXXX,FREDDIE MAC
FMTCUS3BXXX,FIDELITY MANAGEMENT TRUST CO.
FMTCUS3TXXX,FIDELITY MANAGEMENT TRUST CO.
FNAOUS44XXX,FIRST NATIONAL BANK
FNBAUS3AXXX,FIRSTMERIT BANK N.A.
FNBOUS44BOL,FIRST NATIONAL BANK
FNBOUS44CAS,FIRST NATIONAL BANK
FNBOUS44DEN,FIRST NATIONAL BANK
FNBOUS44FRI,FIRST NATIONAL BANK
FNBOUS44FTC,FIRST NATIONAL BANK
FNBOUS44GRE,FIRST NATIONAL BANK
FNBOUS44KAN,FIRST NATIONAL BANK
FNBOUS44LIN,FIRST NATIONAL BANK
FNBOUS44PLA,FIRST NATIONAL BANK
FNBOUS44TCX,FIRST NATIONAL BANK
FNBOUS44WMG,FIRST NATIONAL BANK
FNBOUS44XXX,FIRST NATIONAL BANK
FNBWUS44XXX,FIRST NATIONS BANK
FNFGUS33XXX,FIRST NIAGARA BANK
FNSDUS6DXXX,PACIFIC WESTERN BANK
FOMOUS33XXX,FORD MOTOR COMPANY
FPBSUS33XXX,FIRST PLACE BANK
FQDRUS66XXX,"FIRST QUADRANT, L.P."
FRBBUS6SXXX,"FIRST REPUBLIC BANK, A BANK IN ORGANIZATION"
FRNYUS33FX1,FEDERAL RESERVE BANK OF NEW YORK
FRNYUS33XXX,FEDERAL RESERVE BANK OF NEW YORK
FRSTUS44XXX,FROST BANK
FSAMUS33XXX,FSA ASSET MANAGEMENT LLC
FSHRUS66XXX,FISHER INVESTMENTS
FSTDUS6LXXX,OPEN BANK
FTBCUS3CCUS,FIFTH THIRD BANK
FTBCUS3CXXX,FIFTH THIRD BANK
FTBMUS44CAP,FIRST TENNESSEE BANK N.A.
FTBMUS44CHA,FIRST TENNESSEE BANK N.A.
FTBMUS44KXV,FIRST TENNESSEE BANK N.A.
FTBMUS44SEC,FIRST TENNESSEE BANK N.A.
FTBMUS44XXX,FIRST TENNESSEE BANK N.A.
FTSBUS33XXX,ABN AMRO CAPITAL USA LLC
GDRCUS33XXX,GOODRICH CORPORATION
GEBAUS33XXX,BNP PARIBAS
GENEUS33DBL,GENERAL ELECTRIC COMPANY
GENEUS33DEL,GENERAL ELECTRIC COMPANY
GENEUS33TKO,GENERAL ELECTRIC COMPANY
GENEUS33XXX,GENERAL ELECTRIC COMPANY
GENOUS33XXX,"DZ BANK AG DEUTSCHE ZENTRAL-GENOSSENSCHAFTSBANK, NEW YORK BRANCH"
GFIMUS66XXX,"GURTIN FIXED INCOME MANAGEMENT, LLC"
GFLXUS66XXX,"GLOBEFLEX CAPITAL, L.P."
GFXCUS44XXX,GFX CORPORATION
GIBAUS33XXX,ERSTE GROUP BANK AG
GIEMUS33XXX,STATE OF ISRAEL-ECONOMIC MISSION
GILSUS6SXXX,GILEAD SCIENCES INC.
GLLLUS6SXXX,"GLASS LEWIS AND CO, LLC"
GLOPUS33XXX,GLOBEOP FINANCIAL SERVICES LLC
GMCBUS3AXXX,METRO CITY BANK
GMCOUS33XXX,GENERAL MOTORS HOLDINGS LLC
GNWFUS33XXX,GENWORTH LIFE INSURANCE COMPANY
GOLDUS33001,"GOLDMAN, SACHS AND CO."
GOLDUS33002,"GOLDMAN, SACHS AND CO."
GOLDUS33003,"GOLDMAN, SACHS AND CO."
GOLDUS33004,"GOLDMAN, SACHS AND CO."
GOLDUS33005,"GOLDMAN, SACHS AND CO."
GOLDUS33006,"GOLDMAN, SACHS AND CO."
GOLDUS33007,"GOLDMAN, SACHS AND CO."
GOLDUS33CLS,"GOLDMAN, SACHS AND CO."
GOLDUS33GCS,"GOLDMAN, SACHS AND CO."
GOLDUS33GSS,"GOLDMAN, SACHS AND CO."
GOLDUS33NET,"GOLDMAN, SACHS AND CO."
GOLDUS33XXX,"GOLDMAN, SACHS AND CO."
GOOGUS66XXX,GOOGLE INC.
GPSXUS55XXX,"GPS CAPITAL MARKETS, INC."
GRLKUS33XXX,GREAT LAKES BANKERS BANK
GRNWUS33GAM,RBS SECURITIES INC.
GRNWUS33XXX,RBS SECURITIES INC.
GRNWUS3EADP,RBS SECURITIES INC.
GRNWUS3EXXX,RBS SECURITIES INC.
GSAMUS33GSS,GOLDMAN SACHS ASSET MANAGEMENT
GSAMUS33XXX,GOLDMAN SACHS ASSET MANAGEMENT
GSCMUS33XXX,GOLDMAN SACHS BANK USA
GSMMUS33XXX,"GOLDMAN SACHS MITSUI MARINE DERIVATIVE PRODUCTS, L.P."
GSTRUS33BOS,GOLDMAN SACHS BANK USA
GSTRUS33FAS,GOLDMAN SACHS BANK USA
GSTRUS33FAT,GOLDMAN SACHS BANK USA
GSTRUS33XXX,GOLDMAN SACHS BANK USA
GTWBUS44XXX,GREAT WESTERN BANK
GUBCUS6LXXX,GBC INTERNATIONAL BANK
GULFUS33XXX,GULF INTERNATIONAL BANK
GWCIUS66XXX,"GW CAPITAL, INC."
GXSBUS33XXX,"GXS, INC."
HABBUS33WNY,HABIB BANK LIMITED
HABBUS33XXX,HABIB BANK LIMITED
HAMCUS3BXXX,"HARVARD MANAGEMENT CO., INC."
HANDUS33XXX,SVENSKA HANDELSBANKEN
HANMUS6LXXX,HANMI BANK
HANYUS33QNS,HABIB AMERICAN BANK
HANYUS33XXX,HABIB AMERICAN BANK
HATRUS44GTM,BMO HARRIS BANK N.A.
HATRUS44XXX,BMO HARRIS BANK N.A.
HCACUS33XXX,HIGHMOUNT CAPITAL LLC
HCMBUS66XXX,HIGHMARK CAPITAL MANAGEMENT
HELAUS33XXX,"LANDESBANK HESSEN-THUERINGEN GIROZENTRALE, NEW YORK BRANCH"
HEMSUS3MXXX,1ST UNITED BANK
HIBKUS44XXX,"CAPITAL ONE,N.A. "
HIMCUS33XXX,HARTFORD INVESTMENT MANAGEMENT COMPANY
HLTNUS33XXX,"HILTON WORLDWIDE, INC."
HMSTUS55XXX,HOME STATE BANK
HNBKUS3NXXX,"HUA NAN COMMERCIAL BANK, LTD., NEW YORK AGENCY"
HNBKUS6LXXX,"HUA NAN COMMERCIAL BANK, LTD., LOS ANGELES BRANCH"
HNBNUS33XXX,HANA BANK NEW YORK
HOMSUS6SXXX,HOMESTREET BANK
HOUSUS44XXX,BANK OF HOUSTON
HPRAUS44XXX,HEITMAN REAL ESTATE SECURITIES LLC
HSBCUS3MXXX,HSBC PRIVATE BANK INTERNATIONAL
HSDEUS33XXX,HSBC INTERNATIONAL FINANCE CORPORATION (DELAWARE)
HSHNUS33FMD,HSH NORDBANK AG
HSHNUS33XXX,HSH NORDBANK AG
HSICUS33XXX,HENRY SCHEIN INC
HSRVUS33XXX,HEDGESERV CORPORATION
HUNTUS33CIN,HUNTINGTON NATIONAL BANK
HUNTUS33CLV,HUNTINGTON NATIONAL BANK
HUNTUS33DET,HUNTINGTON NATIONAL BANK
HUNTUS33IND,HUNTINGTON NATIONAL BANK
HUNTUS33TOL,HUNTINGTON NATIONAL BANK
HUNTUS33WVA,HUNTINGTON NATIONAL BANK
HUNTUS33XXX,HUNTINGTON NATIONAL BANK
HUNTUS3TXXX,HUNTINGTON NATIONAL BANK
HVBKUS33XXX,"WOORI BANK, NEW YORK"
HVBKUS3NXXX,"WOORI AMERICA BANK, NEW YORK"
HVBKUS6LXXX,"WOORI BANK, LOS ANGELES"
HYVEUS33001,UNICREDIT BANK AG (HYPOVEREINSBANK)
HYVEUS33FEX,UNICREDIT BANK AG (HYPOVEREINSBANK)
HYVEUS33FXC,UNICREDIT BANK AG (HYPOVEREINSBANK)
HYVEUS33IBF,UNICREDIT BANK AG (HYPOVEREINSBANK)
HYVEUS33LNS,UNICREDIT BANK AG (HYPOVEREINSBANK)
HYVEUS33MMD,UNICREDIT BANK AG (HYPOVEREINSBANK)
HYVEUS33REA,UNICREDIT BANK AG (HYPOVEREINSBANK)
HYVEUS33SYN,UNICREDIT BANK AG (HYPOVEREINSBANK)
HYVEUS33XXX,UNICREDIT BANK AG (HYPOVEREINSBANK)
IADBUS3WTFP,INTER AMERICAN DEVELOPMENT BANK
IADBUS3WXXX,INTER AMERICAN DEVELOPMENT BANK
IAFIUS6LXXX,INDEPENDENT ADVANTAGE FINANCIAL AND INSURANCE SERVICES
IAICUS3WXXX,INTER-AMERICAN INVESTMENT CORPORATION
IBBAUS6LXXX,"TOMATOBANK, N.A."
IBCLUS44XXX,INTERNATIONAL BANK OF COMMERCE
IBKOUS33XXX,"INDUSTRIAL BANK OF KOREA, NEW YORK BRANCH"
IBKRUS33XXX,INTERACTIVE BROKERS LLC
IBMXUS33DUB,INTERNATIONAL BUSINESS MACHINES
IBMXUS33RIO,INTERNATIONAL BUSINESS MACHINES
IBMXUS33SNG,INTERNATIONAL BUSINESS MACHINES
IBMXUS33XXX,INTERNATIONAL BUSINESS MACHINES
IBNJUS33XXX,INVESTORS BANK
IBRDUS33AT1,INTERNATIONAL BANK FOR RECONSTRUCTION AND DEVELOPMENT
IBRDUS33XXX,INTERNATIONAL BANK FOR RECONSTRUCTION AND DEVELOPMENT
ICBCUS33XXX,"MEGA INTERNATIONAL COMMERCIAL BANK CO., LTD., NEW YORK BRANCH"
ICBCUS4CXXX,"MEGA INTERNATIONAL COMMERCIAL BANK CO., LTD. CHICAGO BRANCH"
ICBCUS6LXXX,"MEGA INTERNATIONAL COMMERCIAL BANK CO., LTD. LOS ANGELES BRANCH"
ICBCUS6SXXX,"MEGA INTERNATIONAL COMMERCIAL BANK CO.,LTD., SILICON VALLEY BRANCH"
ICBKUS33FIN,INDUSTRIAL AND COMMERCIAL BANK OF CHINA (NEW YORK)
ICBKUS33XXX,INDUSTRIAL AND COMMERCIAL BANK OF CHINA (NEW YORK)
ICCCUS4CXXX,INSTITUTIONAL CAPITAL LLC
ICDFUS65XXX,"INSTITUTIONAL CASH DISTRIBUTORS, LLC"
ICETUS33XXX,ICE TRUST U.S. LLC.
ICICUS3NCLR,ICICI BANK LIMITED
ICICUS3NXXX,ICICI BANK LIMITED
ICPUUS6SXXX,INTEL CORPORATION
ICUSUS33XXX,"ICE CLEAR US, ICE."
IDAWUS33AT1,INTERNATIONAL DEVELOPMENT ASSOCIATION
IDAWUS33XXX,INTERNATIONAL DEVELOPMENT ASSOCIATION
IDBYUS33LAS,ISRAEL DISCOUNT BANK OF NEW YORK
IDBYUS33MIA,ISRAEL DISCOUNT BANK OF NEW YORK
IDBYUS33XXX,ISRAEL DISCOUNT BANK OF NEW YORK
IDCLUS33COL,LCH.CLEARNET LLC
IDCLUS33XXX,LCH.CLEARNET LLC
IFAWUS3YXXX,INTERNATIONAL FUND FOR ANIMAL WELFARE
IFBKUS3MXXX,INTERNATIONAL FINANCE BANK
IFCWUS33XXX,INTERNATIONAL FINANCE CORPORATION
IIIAUS33XXX,AVM L.P.
IMFDUS3WNO1,INTERNATIONAL MONETARY FUND
IMFDUS3WNO2,INTERNATIONAL MONETARY FUND
IMFDUS3WSEC,INTERNATIONAL MONETARY FUND
IMFDUS3WXXX,INTERNATIONAL MONETARY FUND
INCMUS3AXXX,"INVESCO CAPITAL MANAGEMENT, INC."
INDSUS33XXX,BANCO INDUSTRIAL DE VENEZUELA
INDSUS3MXXX,"BANCO INDUSTRIAL DE VENEZUELA, C.A. MIAMI AGENCY"
INGBUS33XXX,ING CAPITAL MARKETS LLC
INGBUS3NFIX,ING FINANCIAL MARKETS LLC
INGBUS3NXXX,ING FINANCIAL MARKETS LLC
INLVUS3NXXX,"INTERNATIONAL VALUE ADVISERS, LLC"
INOLUS33XXX,INDEPENDENT BANKERS BANK OF FLORIDA
INTAUS33XXX,INTERNATIONAL ASSETS HOLDING CORPORATION
INVBUS33XXX,STATE STREET BANK AND TRUST COMPANY
IPCOUS44XXX,INTERNATIONAL PAPER COMPANY
IRVTUS3NACH,THE BANK OF NEW YORK MELLON
IRVTUS3NADR,THE BANK OF NEW YORK MELLON
IRVTUS3NAMS,THE BANK OF NEW YORK MELLON
IRVTUS3NBDS,THE BANK OF NEW YORK MELLON
IRVTUS3NCLS,THE BANK OF NEW YORK MELLON
IRVTUS3NCMM,THE BANK OF NEW YORK MELLON
IRVTUS3NEQD,THE BANK OF NEW YORK MELLON
IRVTUS3NFUT,THE BANK OF NEW YORK MELLON
IRVTUS3NGCO,THE BANK OF NEW YORK MELLON
IRVTUS3NGSC,THE BANK OF NEW YORK MELLON
IRVTUS3NIRD,THE BANK OF NEW YORK MELLON
IRVTUS3NLCI,THE BANK OF NEW YORK MELLON
IRVTUS3NLCM,THE BANK OF NEW YORK MELLON
IRVTUS3NLCR,THE BANK OF NEW YORK MELLON
IRVTUS3NMFT,THE BANK OF NEW YORK MELLON
IRVTUS3NMMI,THE BANK OF NEW YORK MELLON
IRVTUS3NRCL,THE BANK OF NEW YORK MELLON
IRVTUS3NRMB,THE BANK OF NEW YORK MELLON
IRVTUS3NSTC,THE BANK OF NEW YORK MELLON
IRVTUS3NXXX,THE BANK OF NEW YORK MELLON
ISCCUS33CAD,INTERNATIONAL SECURITIES CLEARING CORPORATION
ISCCUS33GCN,INTERNATIONAL SECURITIES CLEARING CORPORATION
ISCCUS33XXX,INTERNATIONAL SECURITIES CLEARING CORPORATION
ISNTUS33XXX,"INSTINET CLEARING SERVICES, INC."
ITAUUS33XXX,ITAU UNIBANCO S.A NEW YORK BRANCH
ITAUUS3MXXX,BANCO ITAU EUROPA INTERNATIONAL
ITNBUS44XXX,INTER NATIONAL BANK
ITRIUS66XXX,"ITRON, INC."
ITUSUS3PXXX,ITAU BBA USA SECURITIES INC.
IXIBUS33XXX,NATIXIS NORTH AMERICA LLC
JCSIUS33IMP,HSBC SECURITIES (USA) INC.
JCSIUS33OLY,HSBC SECURITIES (USA) INC.
JCSIUS33XXX,HSBC SECURITIES (USA) INC.
JEFFUS33BCH,"JEFFERIES AND COMPANY, INC."
JEFFUS33JFL,"JEFFERIES AND COMPANY, INC."
JEFFUS33JLC,"JEFFERIES AND COMPANY, INC."
JEFFUS33XXX,"JEFFERIES AND COMPANY, INC."
JNACUS33XXX,JENNISON ASSOCIATES LLC
JNBKUS44XXX,JOHNSON BANK
JPMSUS3XKEY,J.P. MORGAN SECURITIES LLC
JPMSUS3XXXX,J.P. MORGAN SECURITIES LLC
JTFGUS33XXX,JTF PRIVATE WEALTH MANAGEMENT LLC
KASIUS6LXXX,KASIKORN BANK PCL
KBCFUS33XXX,"KBC SECURITIES USA, INC"
KEYBUS33ALB,KEYBANK NATIONAL ASSOCIATION
KEYBUS33ANK,KEYBANK NATIONAL ASSOCIATION
KEYBUS33ANN,KEYBANK NATIONAL ASSOCIATION
KEYBUS33BOI,KEYBANK NATIONAL ASSOCIATION
KEYBUS33BUR,KEYBANK NATIONAL ASSOCIATION
KEYBUS33CUS,KEYBANK NATIONAL ASSOCIATION
KEYBUS33DEN,KEYBANK NATIONAL ASSOCIATION
KEYBUS33FEX,KEYBANK NATIONAL ASSOCIATION
KEYBUS33IND,KEYBANK NATIONAL ASSOCIATION
KEYBUS33INV,KEYBANK NATIONAL ASSOCIATION
KEYBUS33LCC,KEYBANK NATIONAL ASSOCIATION
KEYBUS33MAI,KEYBANK NATIONAL ASSOCIATION
KEYBUS33POR,KEYBANK NATIONAL ASSOCIATION
KEYBUS33SEA,KEYBANK NATIONAL ASSOCIATION
KEYBUS33SLC,KEYBANK NATIONAL ASSOCIATION
KEYBUS33UTA,KEYBANK NATIONAL ASSOCIATION
KEYBUS33XXX,KEYBANK NATIONAL ASSOCIATION
KIMBUS44XXX,KIMBERLY-CLARK CORPORATION
KODBUS33XXX,"KOREA DEVELOPMENT BANK, THE, NEW YORK BRANCH"
KOEXUS33XXX,KEB NY FINANCIAL CORP.
KOEXUS3NXXX,KEB USA INTERNATIONAL CORP.
KOEXUS6LXXX,KEB LA FINANCIAL CORP.
KREDUS33XXX,KBC BANK N.V.
KRTHUS6LXXX,KRUNG THAI BANK PUBLIC COMPANY LIMITED
KWHKUS33XXX,"CITIC BANK INTERNATIONAL LTD., NEW YORK BRANCH"
KWHKUS66XXX,"CITIC BANK INTERNATIONAL LTD., LOS ANGELES BRANCH"
LABBUS33XXX,"LORD, ABBETT AND CO."
LBOTUS33XXX,LAND BANK OF TAIWAN NEW YORK BRANCH
LBOTUS66XXX,"LAND BANK OF TAIWAN, LOS ANGELES BRANCH"
LDCMUS33XXX,LOUIS DREYFUS COMMODITIES LLC
LEGGUS33XXX,LEGG MASON CAPITAL MANAGEMENT
LEKSUS33XXX,LEK SECURITIES CORP
LIFTUS6CXXX,LIFE TECHNOLOGIES CORPORATION
LLYCUS33XXX,ELI LILLY AND COMPANY
LMGAUS33XXX,LEGG MASON GLOBAL ASSET ALLOCATION
LNKSUS33XXX,LINKSHARE CORPORATION.
LONBUS66XXX,LOS ANGELES NATIONAL BANK
LOSYUS3BIXI,"LOOMIS, SAYLES AND COMPANY, L.P."
LOSYUS3BXXX,"LOOMIS, SAYLES AND COMPANY, L.P."
LOYDUS33NYB,LLOYDS TSB BANK PLC
LOYDUS33XXX,LLOYDS TSB BANK PLC
LOYDUS3MXXX,LLOYDS TSB BANK PLC
LUMIUS3NCHI,BANK LEUMI USA
LUMIUS3NLAX,BANK LEUMI USA
LUMIUS3NMIA,BANK LEUMI USA
LUMIUS3NXXX,BANK LEUMI USA
LYBLUS44WHQ,LYONDELL CHEMICAL DELAWARE COMPANY
LYBLUS44XXX,LYONDELL CHEMICAL DELAWARE COMPANY
LZDCUS33XXX,LAZARD CAPITAL MARKETS LLC
LZFLUS33TRD,LAZARD ASSET MANAGEMENT
LZFLUS33XXX,LAZARD ASSET MANAGEMENT
MACSUS33XXX,MASTER CARD INTERNATIONAL INC.
MAMLUS3FXXX,"MERCATOR ASSET MANAGEMENT, L.P."
MARLUS44XXX,BMO HARRIS BANK N.A.
MARXUS33XXX,MAREX NORTH AMERICA LLC
MBBEUS33XXX,MALAYAN BANKING BERHAD
MBBTUS6LXXX,TAIWAN BUSINESS BANK
MBFIUS44XXX,"MB FINANCIAL BANK, N.A."
MBHOUS4HXXX,METROBANK N.A.
MBNYUS33XXX,VALLEY NATIONAL BANK
MBTCUS33XXX,METROPOLITAN BANK AND TRUST COMPANY
MCABUS6LXXX,"MERCHANTS BANK OF CALIFORNIA, N.A."
MCMAUS55XXX,"MARSICO CAPITAL MANAGEMENT, LLC"
MCUSUS33XXX,MACQUARIE CAPITAL (USA) INC
MDSXUS3NXXX,MIDDLESEX SAVINGS BANK
MEBKUS66XXX,MECHANICS BANK
MEKCUS3WXXX,"MERCK AND CO., INC."
MELNUS3CGSL,THE BANK OF NEW YORK MELLON
MELNUS3CIMS,THE BANK OF NEW YORK MELLON
MELNUS3CSMA,THE BANK OF NEW YORK MELLON
MELNUS3CTBC,THE BANK OF NEW YORK MELLON
MELNUS3PAAB,THE BANK OF NEW YORK MELLON
MELNUS3PCLS,THE BANK OF NEW YORK MELLON
MELNUS3PFEX,THE BANK OF NEW YORK MELLON
MELNUS3PGLB,THE BANK OF NEW YORK MELLON
MELNUS3PGSS,THE BANK OF NEW YORK MELLON
MELNUS3PXXX,THE BANK OF NEW YORK MELLON
MELNUS3WGTE,THE BANK OF NEW YORK MELLON
MELNUS6LXXX,"THE BANK OF NEW YORK MELLON, NATIONAL ASSOCIATION"
MEMIUS33XXX,MERCANTILE BANK OF MICHIGAN
METRUS33XXX,METRO BANK
MFBKUS44XXX,MIDFIRST BANK
MFCGUS33XXX,"MFC GLOBAL INVESTMENT MANAGEMENT (U.S.),LCC"
MFSMUS33ACT,MASSACHUSETTS FINANCIAL SERVICES COMPANY
MFSMUS33COR,MASSACHUSETTS FINANCIAL SERVICES COMPANY
MFSMUS33MUK,MASSACHUSETTS FINANCIAL SERVICES COMPANY
MFSMUS33PPS,MASSACHUSETTS FINANCIAL SERVICES COMPANY
MFSMUS33REC,MASSACHUSETTS FINANCIAL SERVICES COMPANY
MFSMUS33XXX,MASSACHUSETTS FINANCIAL SERVICES COMPANY
MGFLUS44XXX,MAGNETAR FINANCIAL LLC
MGRMUS44XXX,"MONEYGRAM PAYMENT SYSTEMS, INC"
MGTCUS3GIPB,"JPMORGAN CHASE BANK, N.A."
MGTCUS3GXXX,"JPMORGAN CHASE BANK, N.A."
MHCBUS33XXX,"MIZUHO CORPORATE BANK LTD, NEW YORK BRANCH"
MHCBUS6LXXX,"MIZUHO CORPORATE BANK,LTD., LOS ANGELES BRANCH"
MHCCUS33XXX,MIZUHO CORPORATE BANK (USA)
MHSCUS33XXX,MIZUHO SECURITIES USA INC.
MHSCUS3NSTK,MIZUHO SECURITIES USA INC.
MHSCUS3NXXX,MIZUHO SECURITIES USA INC.
MIBBUS44XXX,MIDWEST INDEPENDENT BANK
MIGAUS33XXX,MULTILATERAL INVESTMENT GUARANTEE AGENCY (MIGA)
MITKUS6LXXX,MANUFACTURERS BANK
MITMUS33KEY,J.P.MORGAN INVESTMENT MANAGEMENT
MITMUS33PIM,J.P.MORGAN INVESTMENT MANAGEMENT
MITMUS33XXX,J.P.MORGAN INVESTMENT MANAGEMENT
MITNUS44XXX,BMO HARRIS BANK N.A.
MIZBUS6LXXX,MIZRAHI TEFAHOT BANK LTD.
MLCOUS33MFM,"MERRILL LYNCH AND CO., INC."
MLCOUS33PBG,"MERRILL LYNCH AND CO., INC."
MLCOUS33XXX,"MERRILL LYNCH AND CO., INC."
MLCOUS3BFUT,"MERRILL LYNCH AND CO., INC."
MLCOUS3BXXX,"MERRILL LYNCH AND CO., INC."
MLCOUS3GASM,"MERRILL LYNCH AND CO., INC."
MLCOUS3GATL,"MERRILL LYNCH AND CO., INC."
MLCOUS3GCAD,"MERRILL LYNCH AND CO., INC."
MLCOUS3GCAN,"MERRILL LYNCH AND CO., INC."
MLCOUS3GCAR,"MERRILL LYNCH AND CO., INC."
MLCOUS3GCPB,"MERRILL LYNCH AND CO., INC."
MLCOUS3GDRV,"MERRILL LYNCH AND CO., INC."
MLCOUS3GESJ,"MERRILL LYNCH AND CO., INC."
MLCOUS3GFDS,"MERRILL LYNCH AND CO., INC."
MLCOUS3GFPB,"MERRILL LYNCH AND CO., INC."
MLCOUS3GGPB,"MERRILL LYNCH AND CO., INC."
MLCOUS3GISL,"MERRILL LYNCH AND CO., INC."
MLCOUS3GMSG,"MERRILL LYNCH AND CO., INC."
MLCOUS3GPRO,"MERRILL LYNCH AND CO., INC."
MLCOUS3GSSS,"MERRILL LYNCH AND CO., INC."
MLCOUS3GXXX,"MERRILL LYNCH AND CO., INC."
MLCSUS33MCS,MERRILL LYNCH CAPITAL SERVICES INC.
MLCSUS33MET,MERRILL LYNCH CAPITAL SERVICES INC.
MLCSUS33XXX,MERRILL LYNCH CAPITAL SERVICES INC.
MLICUS33INV,METROPOLITAN LIFE INSURANCE CO
MLICUS33JPN,METROPOLITAN LIFE INSURANCE CO
MLICUS33XXX,METROPOLITAN LIFE INSURANCE CO
MLNYUS33XXX,MERRILL LYNCH INTERNATIONAL BANK LIMITED VIA NY FX AGENT
MMHIUS33XXX,"MOTOROLA MOBILITY, INC."
MNBDUS33FEX,COMERICA BANK
MNBDUS33FLA,COMERICA BANK
MNBDUS33GCS,COMERICA BANK
MNBDUS33XXX,COMERICA BANK
MNBDUS4DHOU,COMERICA BANK
MNBDUS4DXXX,COMERICA BANK
MNBDUS6SLAX,COMERICA BANK
MNBDUS6SSFO,COMERICA BANK
MNBDUS6SXXX,COMERICA BANK
MNBMUS33XXX,"MERCANTIL COMMERCEBANK, N.A."
MOMHUS33XXX,"MOMENTIVE SPECIALTY CHEMICALS, INC."
MORSUS44XXX,"MORNINGSTAR ASSOCIATES, LLC"
MPAIUS33XXX,"MARVIN AND PALMER ASSOCIATES, INC."
MRLYUS66XXX,"MORLEY CAPITAL MANAGEMENT, INC"
MRMDUS33CLS,"HSBC BANK USA, N.A."
MRMDUS33COL,"HSBC BANK USA, N.A."
MRMDUS33GCS,"HSBC BANK USA, N.A."
MRMDUS33HUB,"HSBC BANK USA, N.A."
MRMDUS33IBF,"HSBC BANK USA, N.A."
MRMDUS33IMP,"HSBC BANK USA, N.A."
MRMDUS33INV,"HSBC BANK USA, N.A."
MRMDUS33IPB,"HSBC BANK USA, N.A."
MRMDUS33ISV,"HSBC BANK USA, N.A."
MRMDUS33LCR,"HSBC BANK USA, N.A."
MRMDUS33LIQ,"HSBC BANK USA, N.A."
MRMDUS33RTL,"HSBC BANK USA, N.A."
MRMDUS33SDI,"HSBC BANK USA, N.A."
MRMDUS33XXX,"HSBC BANK USA, N.A."
MSAMUS33ARS,MORGAN STANLEY DEAN WITTER INVESTMENT MANAGEMENT
MSAMUS33MAS,MORGAN STANLEY DEAN WITTER INVESTMENT MANAGEMENT
MSAMUS33SEC,MORGAN STANLEY DEAN WITTER INVESTMENT MANAGEMENT
MSAMUS33XXX,MORGAN STANLEY DEAN WITTER INVESTMENT MANAGEMENT
MSBKUS5WFXO,"MORGAN STANLEY BANK,N.A."
MSBKUS5WXXX,"MORGAN STANLEY BANK,N.A."
MSCGUS33XXX,MORGAN STANLEY CAPITAL GROUP INC.
MSCSUS33FXO,MORGAN STANLEY CAPITAL SERVICES LLC
MSCSUS33XXX,MORGAN STANLEY CAPITAL SERVICES LLC
MSDPUS33XXX,MORGAN STANLEY DERIVATIVE PRODUCTS INC.
MSFDUS33XXX,MORGAN STANLEY FUND SERVICES INC
MSFTUS66JPM,MICROSOFT CORPORATION
MSFTUS66WPC,MICROSOFT CORPORATION
MSFTUS66XXX,MICROSOFT CORPORATION
MSHQUS33NYD,"MASHREQBANK PSC., NEW YORK BRANCH"
MSHQUS33NYN,"MASHREQBANK PSC., NEW YORK BRANCH"
MSHQUS33XXX,"MASHREQBANK PSC., NEW YORK BRANCH"
MSNYUS33AMC,"MORGAN STANLEY AND CO., LLC"
MSNYUS33CAP,"MORGAN STANLEY AND CO., LLC"
MSNYUS33CCG,"MORGAN STANLEY AND CO., LLC"
MSNYUS33COM,"MORGAN STANLEY AND CO., LLC"
MSNYUS33CSH,"MORGAN STANLEY AND CO., LLC"
MSNYUS33CTR,"MORGAN STANLEY AND CO., LLC"
MSNYUS33EFC,"MORGAN STANLEY AND CO., LLC"
MSNYUS33FXO,"MORGAN STANLEY AND CO., LLC"
MSNYUS33INT,"MORGAN STANLEY AND CO., LLC"
MSNYUS33ISL,"MORGAN STANLEY AND CO., LLC"
MSNYUS33LMT,"MORGAN STANLEY AND CO., LLC"
MSNYUS33LS2,"MORGAN STANLEY AND CO., LLC"
MSNYUS33MRE,"MORGAN STANLEY AND CO., LLC"
MSNYUS33PBA,"MORGAN STANLEY AND CO., LLC"
MSNYUS33PBS,"MORGAN STANLEY AND CO., LLC"
MSNYUS33PWM,"MORGAN STANLEY AND CO., LLC"
MSNYUS33SEC,"MORGAN STANLEY AND CO., LLC"
MSNYUS33SFI,"MORGAN STANLEY AND CO., LLC"
MSNYUS33SWP,"MORGAN STANLEY AND CO., LLC"
MSNYUS33TAE,"MORGAN STANLEY AND CO., LLC"
MSNYUS33XXX,"MORGAN STANLEY AND CO., LLC"
MSRVUS33XXX,"MARKITSERV, LLC"
MSUCUS44XXX,MICHIGAN STATE UNIVERSITY FEDERAL CREDIT UNION
MTBCUS33XXX,MITSUBISHI UFJ TRUST AND BANKING CORPORATION
MTGSUS6SARF,"MERRILL LYNCH, PIERCE, FENNER AND SMITH INCORPORATED"
MTGSUS6SATL,"MERRILL LYNCH, PIERCE, FENNER AND SMITH INCORPORATED"
MTGSUS6SEFP,"MERRILL LYNCH, PIERCE, FENNER AND SMITH INCORPORATED"
MTGSUS6SFIC,"MERRILL LYNCH, PIERCE, FENNER AND SMITH INCORPORATED"
MTGSUS6SFXP,"MERRILL LYNCH, PIERCE, FENNER AND SMITH INCORPORATED"
MTGSUS6SPBX,"MERRILL LYNCH, PIERCE, FENNER AND SMITH INCORPORATED"
MTGSUS6SXXX,"MERRILL LYNCH, PIERCE, FENNER AND SMITH INCORPORATED"
MTUSUS33XXX,MITSUBISHI UFJ TRUST AND BANKING CORPORATION (U.S.A.)
MTUSUS3JXXX,MITSUBISHI UFJ TRUST AND BANKING CORPORATION (U.S.A.)
MUSCUS33XXX,"MITSUBISHI UFJ SECURITIES (USA), INC."
MUTBUS44XXX,UNITED CENTRAL BANK
MUTLUS33XXX,MUTUAL OF AMERICA LIFE INSURANCE COMPANY
MWAAUS66XXX,"METROPOLITAN WEST ASSET MANAGEMENT, LLC"
MWAMUS33XXX,"MARSHALL WACE NORTH AMERICA, L.P."
MYLNUS33XXX,MYLAN INC.
NACMUS6DXXX,NICHOLAS-APPELGATE CAPITAL MANAGEMENT
NACNUS33XXX,BANCO DE LA NACION ARGENTINA
NACNUS3MXXX,"BANCO DE LA NACION ARGENTINA, MIAMI BRANCH"
NADBUS44XXX,NORTH AMERICAN DEVELOPMENT BANK
NAMUUS33XXX,"NOMURA ASSET MANAGEMENT USA, INC."
NARAUS6L005,BBCN BANK
NARAUS6L010,BBCN BANK
NARAUS6L090,BBCN BANK
NARAUS6LXXX,BBCN BANK
NATAUS33XXX,NATIONAL AUSTRALIA BANK LIMITED
NBEGUS33XXX,"NATIONAL BANK OF EGYPT, NEW YORK BRANCH"
NBFCUS55XXX,COBANK
NBOKUS33XXX,"NATIONAL BANK OF KUWAIT S.A.K.,THE"
NBPAUS33XXX,NATIONAL BANK OF PAKISTAN
NDEAUS3NUIF,"NORDEA BANK FINLAND PLC, NEW YORK BRANCH"
NDEAUS3NXXX,"NORDEA BANK FINLAND PLC, NEW YORK BRANCH"
NDPIUS33XXX,NOMURA DERIVATIVE PRODUCTS INC.
NETHUS33XXX,BMO CAPITAL MARKETS CORP
NEUBUS33GFI,"NEUBERGER AND BERMAN, LLC"
NEUBUS33NFI,"NEUBERGER AND BERMAN, LLC"
NEUBUS33PMR,"NEUBERGER AND BERMAN, LLC"
NEUBUS33XXX,"NEUBERGER AND BERMAN, LLC"
NEUBUS3NXXX,"NEUBERGER AND BERMAN, LLC"
NEWGUS33CFI,"NEWEDGE USA, LLC"
NEWGUS33CLS,"NEWEDGE USA, LLC"
NEWGUS33ECD,"NEWEDGE USA, LLC"
NEWGUS33FID,"NEWEDGE USA, LLC"
NEWGUS33FMT,"NEWEDGE USA, LLC"
NEWGUS33FST,"NEWEDGE USA, LLC"
NEWGUS33XXX,"NEWEDGE USA, LLC"
NFBKUS33XXX,"CAPITAL ONE, N.A. "
NFSCUS33XXX,NATIONAL FINANCIAL SERVICES LLC
NFSCUS3BXXX,NATIONAL FINANCIAL SERVICES LLC
NFSCUS3FXXX,NATIONAL FINANCIAL SERVICES LLC
NGFPUS33XXX,NOMURA GLOBAL FINANCIAL PRODUCTS INC
NGRDUS33XXX,NATIONAL GRID USA
NHAIUS33XXX,NOMURA HOLDING AMERICA INC.
NIKEUS66XXX,"NIKE, INC."
NITEUS33TSY,KNIGHT EXECUTION AND CLEARING SERVICES LLC
NITEUS33XXX,KNIGHT EXECUTION AND CLEARING SERVICES LLC
NKSMUS33XXX,"SMBC SECURITIES, INC"
NMRIUS33ICI,NOMURA SECURITIES INTERNATIONAL INC.
NMRIUS33LIQ,NOMURA SECURITIES INTERNATIONAL INC.
NMRIUS33PBR,NOMURA SECURITIES INTERNATIONAL INC.
NMRIUS33XXX,NOMURA SECURITIES INTERNATIONAL INC.
NOCUUS33XXX,"NORINCHUKIN BANK,NEW YORK BRANCH,THE"
NOLAUS33XXX,NORDDEUTSCHE LANDESBANK GIROZENTRALE
NORHUS33XXX,BANKERS’ BANK NORTHEAST
NOSCUS33GSL,BANK OF NOVA SCOTIA
NOSCUS33XXX,BANK OF NOVA SCOTIA
NOSCUS3MXXX,BANK OF NOVA SCOTIA MIAMI AGENCY
NOSCUS3SXXX,SCOTIA CAPITAL USA INC
NOSCUS4HXXX,THE BANK OF NOVA SCOTIA
NOVBUS33XXX,NOVA BANK
NPENUS3PXXX,NATIONAL PENN BANK
NRAMUS33XXX,NOMURA CORPORATE RESEARCH AND ASSET MANAGEMENT INC
NRTHUS33XXX,"TD BANK, N.A."
NSBTUS44XXX,NORTHERN STATE BANK OF THIEF RIVER FALLS
NTRAUS3AXXX,NEW TRADITIONS NATIONAL BANK
NTSIUS44XXX,"NORTHERN TRUST SECURITIES, INC."
NUCRUS33XXX,NUCOR CORPORATION
NWBKUSUSXXX,NATIONAL WESTMINSTER BANK PLC
NWSCUS33XXX,DEUTSCHE BANK SECURITIES INC.
NYCBUS6SXXX,NANYANG COMMERCIAL BANK LIMITED
OAKPUS33XXX,"OAK HILL ADVISORS, L.P."
OCBCUS33XXX,OVERSEA-CHINESE BANKING CORPORATION LIMITED
OCBCUS6LXXX,OVERSEA-CHINESE BANKING CORPORATION LIMITED
OCBKUS3MXXX,OCEAN BANK
OCMTUS6LXXX,"OAKTREE CAPITAL MANAGEMENT, LP"
ODPIUS33XXX,"OFFICE DEPOT, INC."
OECHUS33XXX,"OECHSLE INTERNATIONAL ADVISORS, LLC"
OGBKUS33XXX,ONE GEORGIA BANK
OHANUS77XXX,OHANA PACIFIC BANK
OMGOUS33XXX,OMGEO LLC
OMGOUS3CCPT,OMGEO LLC
OPCOUS33XXX,CIBC WORLD MARKETS CORP. 
OPPYUS33XXX,"OPPENHEIMER AND CO, INC."
OXBOUS3MXXX,OXBOW CARBON LLC
PACBUS6LXXX,PACIFIC CITY BANK
PACIUS3XXXX,PACIFIC NATIONAL BANK
PASCUS33XXX,MONTE DEI PASCHI DI SIENA – NEW YORK
PAYCUS33XXX,PAYCOMMERCE INC.
PBFSUS33XXX,JEFFERIES BACHE FINANCIAL SERVICES INC
PBNKUS33063,PB CAPITAL CORPORATION
PBNKUS33XXX,PB CAPITAL CORPORATION
PBSIUS33TWS,"PRUDENTIAL FINANCIAL, INC."
PBSIUS33XXX,"PRUDENTIAL FINANCIAL, INC."
PCBBUS66XXX,PACIFIC COAST BANKERS’ BANK
PCBCUS33XXX,CHINA CONSTRUCTION BANK NEW YORK BRANCH 
PCMEUS44XXX,"PRINCIPAL GLOBAL INVESTORS, LLC"
PFSIUS4RXXX,PENSON FINANCIAL INC.
PGANUS3NXXX,PACIFIC GLOBAL ADVISORS LLC
PGGTUS33XXX,THE PROCTER AND GAMBLE COMPANY
PHLAUS33XXX,PHILADELPHIA INTERNATIONAL ADVISORS LP
PIBSUS6SXXX,PACIFIC INTERNATIONAL BANK
PICHUS3MXXX,BANCO DEL PICHINCHA – MIAMI AGENCY
PIMCUS66XXX,PACIFIC INVESTMENT MANAGEMENT CO.
PLASUS44XXX,PLAINSCAPITAL BANK
PLINUS66XXX,PACIFIC LIFE INSURANCE COMPANY
PLSTUS4HXXX,PLAINS STATE BANK
PMICUS33XXX,PHILIP MORRIS INTERNATIONAL INC
PMONUS33XXX,INSTITUTIONAL SHAREHOLDER SERVICES
PNBPUS33CHA,"WELLS FARGO BANK, N.A."
PNBPUS33FMG,"WELLS FARGO BANK, N.A."
PNBPUS33PHL,"WELLS FARGO BANK, N.A."
PNBPUS33SLC,"WELLS FARGO BANK, N.A."
PNBPUS33XXX,"WELLS FARGO BANK, N.A."
PNBPUS3CFCG,"WELLS FARGO BANK, N.A."
PNBPUS3CHFX,"WELLS FARGO BANK, N.A."
PNBPUS3CHTM,"WELLS FARGO BANK, N.A."
PNBPUS3MXXX,"WELLS FARGO BANK, N.A."
PNBPUS3NNYC,"WELLS FARGO BANK, N.A."
PNBPUS3WXXX,"WELLS FARGO ADVISORS, LLC"
PNBPUS6LXXX,"WELLS FARGO BANK, N.A."
PNCCUS33ENJ,"PNC BANK, N.A."
PNCCUS33XXX,"PNC BANK, N.A."
PNFPUS44XXX,PINNACLE BANK
POALUS33CHG,BANK HAPOALIM B.M.
POALUS33GTN,BANK HAPOALIM B.M.
POALUS33MIA,BANK HAPOALIM B.M.
POALUS33XXX,BANK HAPOALIM B.M.
PPBIUS66XXX,PACIFIC PREMIER BANK
PPSLUS33XXX,PIERPONT SECURITIES LLC
PRFRUS6LXXX,PREFERRED BANK
PRMCUS3KXXX,"PRIMCO CAPITAL MANAGEMENT, INC."
PRSHUS33XXX,PERSHING LLC
PRUIUS33XXX,"PRUDENTIAL INVESTMENT MANAGEMENT, INC."
PRUIUS3FXXX,PRUDENTIAL INVESTMENT MANAGEMENT INC.
PUTIUS3BXXX,PUTNAM INVESTMENTS
PVTBUS44XXX,THE PRIVATEBANK AND TRUST COMPANY
QBEGUS33XXX,QBE INSURANCE CORPORATION
QMACUS33XXX,QUANTITATIVE MANAGEMENT ASSOCIATES LLC
QVTFUS33XXX,QVT FINANCIAL LP
RABOUS33TOR,RABOBANK NEDERLAND
RABOUS33XXX,RABOBANK NEDERLAND
RABOUS66XXX,"RABOBANK, N.A."
RBAMUS33XXX,NOAH BANK
RBBCUS6LXXX,ROYAL BUSINESS BANK
RBCBUS33XXX,"RBC BANK (GEORGIA), NATIONAL ASSOC."
RBOSUS33IBF,"ROYAL BANK OF SCOTLAND PLC, THE"
RBOSUS33XXX,"ROYAL BANK OF SCOTLAND PLC, THE"
RBOSUS3CBNA,"ROYAL BANK OF SCOTLAND PLC,THE"
RBOSUS3GFOP,ROYAL BANK OF SCOTLAND PLC CONNECTICUT BRANCH
RBOSUS3GLIQ,ROYAL BANK OF SCOTLAND PLC CONNECTICUT BRANCH
RBOSUS3GXXX,ROYAL BANK OF SCOTLAND PLC CONNECTICUT BRANCH
RBOSUS3SIBF,ROYAL BANK OF SCOTLAND PLC CONNECTICUT BRANCH
RBOSUS3SXXX,ROYAL BANK OF SCOTLAND PLC CONNECTICUT BRANCH
REGEUS6LXXX,"DEL REY GLOBAL INVESTORS, LLC"
RFDSUS33XXX,"ROYCE AND ASSOCIATES, LLC"
RGARUS44XXX,"REINSURANCE GROUP OF AMERICA, INC."
RIAIUS66XXX,"CONTINENTAL EXCHANGE SOLUTIONS, INC."
RIBLUS4HXXX,"RIYAD BANK, HOUSTON AGENCY"
RJASUS3FXXX,RAYMOND JAMES AND ASSOCIATES
RMSTUS44XXX,"SCOUT INVESTMENTS, INC."
ROCHUS33XXX,ROCHE HOLDINGS INC.
ROCKUS33XXX,"ROCKEFELLER AND CO, INC"
ROYCUS3MXXX,"ROYAL BANK OF CANADA, MIAMI BRANCH"
ROYCUS3XIBF,ROYAL BANK OF CANADA
ROYCUS3XIMM,ROYAL BANK OF CANADA
ROYCUS3XNYP,ROYAL BANK OF CANADA
ROYCUS3XXXX,ROYAL BANK OF CANADA
RTCOUS33XXX,ROCKLAND TRUST COMPANY
RTECUS33XXX,RENAISSANCE TECHNOLOGIES LLC
RYAMUS33XXX,RYAN LABS ASSET MANAGEMENT
RZBAUS33XXX,RB INTERNATIONAL FINANCE (USA) LLC
SAEBUS6LXXX,SAEHAN BANK
SAUBUS3MXXX,"SABADELL UNITED BANK, N.A."
SBBTUS66XXX,"PACIFIC CAPITAL BANK, N.A."
SBCAUS6L726,STATE BANK OF INDIA (CALIFORNIA)
SBCAUS6L727,STATE BANK OF INDIA (CALIFORNIA)
SBCAUS6L728,STATE BANK OF INDIA (CALIFORNIA)
SBCAUS6L729,STATE BANK OF INDIA (CALIFORNIA)
SBCAUS6L730,STATE BANK OF INDIA (CALIFORNIA)
SBCAUS6L731,STATE BANK OF INDIA (CALIFORNIA)
SBCAUS6L732,STATE BANK OF INDIA (CALIFORNIA)
SBCAUS6L733,STATE BANK OF INDIA (CALIFORNIA)
SBCAUS6L734,STATE BANK OF INDIA (CALIFORNIA)
SBCAUS6L735,STATE BANK OF INDIA (CALIFORNIA)
SBCAUS6LXXX,STATE BANK OF INDIA (CALIFORNIA)
SBCBUS33XXX,"SANFORD C. BERNSTEIN AND CO., LLC"
SBDIUS3NXXX,"STANLEYBLACK AND DECKER, INC"
SBFOUS33XXX,CITIGROUP GLOBAL MARKETS COMMERCIAL CORP.
SBHDUS33XXX,CITIGROUP FINANCIAL PRODUCTS INC.
SBINUS33DEP,STATE BANK OF INDIA
SBINUS33DTS,STATE BANK OF INDIA
SBINUS33INV,STATE BANK OF INDIA
SBINUS33LCD,STATE BANK OF INDIA
SBINUS33NRI,STATE BANK OF INDIA
SBINUS33PNR,STATE BANK OF INDIA
SBINUS33XXX,STATE BANK OF INDIA
SBINUS39XXX,STATE BANK OF INDIA
SBINUS44XXX,STATE BANK OF INDIA
SBINUS66XXX,STATE BANK OF INDIA
SBNYUS33XXX,CITIGROUP GLOBAL MARKETS INC.
SBOSUS33GSL,STATE STREET BANK AND TRUST COMPANY
SBOSUS33SEC,STATE STREET BANK AND TRUST COMPANY
SBOSUS33SPM,STATE STREET BANK AND TRUST COMPANY
SBOSUS33TMK,STATE STREET BANK AND TRUST COMPANY
SBOSUS33WRE,STATE STREET BANK AND TRUST COMPANY
SBOSUS33XXX,STATE STREET BANK AND TRUST COMPANY
SBOSUS3CXXX,STATE STREET BANK AND TRUST COMPANY
SBOSUS3FCLS,STATE STREET BANK AND TRUST CO.
SBOSUS3FXXX,STATE STREET BANK AND TRUST CO.
SBOSUS3MXXX,STATE STREET BANK AND TRUST CO.
SBOSUS3NXXX,"STATE STREET BANK AND TRUST COMPANY, N.A., NEW YORK"
SBOSUS3PHSB,STATE STREET BANK AND TRUST CO.
SBOSUS3PMCD,STATE STREET BANK AND TRUST CO.
SBOSUS3PXXX,STATE STREET BANK AND TRUST CO.
SBOSUS3QF01,STATE STREET BANK AND TRUST CO.
SBOSUS3QF02,STATE STREET BANK AND TRUST CO.
SBOSUS3QF03,STATE STREET BANK AND TRUST CO.
SBOSUS3QF04,STATE STREET BANK AND TRUST CO.
SBOSUS3QF05,STATE STREET BANK AND TRUST CO.
SBOSUS3QFNC,STATE STREET BANK AND TRUST CO.
SBOSUS3QG01,STATE STREET BANK AND TRUST CO.
SBOSUS3QG02,STATE STREET BANK AND TRUST CO.
SBOSUS3QG03,STATE STREET BANK AND TRUST CO.
SBOSUS3QG04,STATE STREET BANK AND TRUST CO.
SBOSUS3QG05,STATE STREET BANK AND TRUST CO.
SBOSUS3QG06,STATE STREET BANK AND TRUST CO.
SBOSUS3QG07,STATE STREET BANK AND TRUST CO.
SBOSUS3QG08,STATE STREET BANK AND TRUST CO.
SBOSUS3QG09,STATE STREET BANK AND TRUST CO.
SBOSUS3QG10,STATE STREET BANK AND TRUST CO.
SBOSUS3QG11,STATE STREET BANK AND TRUST CO.
SBOSUS3QG12,STATE STREET BANK AND TRUST CO.
SBOSUS3QG13,STATE STREET BANK AND TRUST CO.
SBOSUS3QG14,STATE STREET BANK AND TRUST CO.
SBOSUS3QG15,STATE STREET BANK AND TRUST CO.
SBOSUS3QGL0,STATE STREET BANK AND TRUST CO.
SBOSUS3QGL1,STATE STREET BANK AND TRUST CO.
SBOSUS3QGL2,STATE STREET BANK AND TRUST CO.
SBOSUS3QGL3,STATE STREET BANK AND TRUST CO.
SBOSUS3QGL4,STATE STREET BANK AND TRUST CO.
SBOSUS3QGL5,STATE STREET BANK AND TRUST CO.
SBOSUS3QGL6,STATE STREET BANK AND TRUST CO.
SBOSUS3QGL7,STATE STREET BANK AND TRUST CO.
SBOSUS3QGL8,STATE STREET BANK AND TRUST CO.
SBOSUS3QGL9,STATE STREET BANK AND TRUST CO.
SBOSUS3QPIM,STATE STREET BANK AND TRUST CO.
SBOSUS3QXXX,STATE STREET BANK AND TRUST CO.
SBOSUS3SCAT,STATE STREET GLOBAL ADVISORS
SBOSUS3SESS,STATE STREET GLOBAL ADVISORS
SBOSUS3SHLD,STATE STREET GLOBAL ADVISORS
SBOSUS3SXXX,STATE STREET GLOBAL ADVISORS
SBOSUS3TAB1,STATE STREET BANK AND TRUST CO.
SBOSUS3TAB2,STATE STREET BANK AND TRUST CO.
SBOSUS3TALB,STATE STREET BANK AND TRUST CO.
SBOSUS3TALG,STATE STREET BANK AND TRUST CO.
SBOSUS3TAMB,STATE STREET BANK AND TRUST CO.
SBOSUS3TAMU,STATE STREET BANK AND TRUST CO.
SBOSUS3TAUK,STATE STREET BANK AND TRUST CO.
SBOSUS3TAXA,STATE STREET BANK AND TRUST CO.
SBOSUS3TBAP,STATE STREET BANK AND TRUST CO.
SBOSUS3TBCA,STATE STREET BANK AND TRUST CO.
SBOSUS3TDMI,STATE STREET BANK AND TRUST CO.
SBOSUS3TECO,STATE STREET BANK AND TRUST CO.
SBOSUS3TETC,STATE STREET BANK AND TRUST CO.
SBOSUS3TFAC,STATE STREET BANK AND TRUST CO.
SBOSUS3TGTI,STATE STREET BANK AND TRUST CO.
SBOSUS3THEL,STATE STREET BANK AND TRUST CO.
SBOSUS3TIBX,STATE STREET BANK AND TRUST CO.
SBOSUS3TKEV,STATE STREET BANK AND TRUST CO.
SBOSUS3TKPR,STATE STREET BANK AND TRUST CO.
SBOSUS3TLAZ,STATE STREET BANK AND TRUST CO.
SBOSUS3TMSI,STATE STREET BANK AND TRUST CO.
SBOSUS3TNCI,STATE STREET BANK AND TRUST CO.
SBOSUS3TODD,STATE STREET BANK AND TRUST CO.
SBOSUS3TPBI,STATE STREET BANK AND TRUST CO.
SBOSUS3TPRI,STATE STREET BANK AND TRUST CO.
SBOSUS3TPTH,STATE STREET BANK AND TRUST CO.
SBOSUS3TSAD,STATE STREET BANK AND TRUST CO.
SBOSUS3TSAN,STATE STREET BANK AND TRUST CO.
SBOSUS3TVOL,STATE STREET BANK AND TRUST CO.
SBOSUS3TWRC,STATE STREET BANK AND TRUST CO.
SBOSUS3TXXX,STATE STREET BANK AND TRUST CO.
SBOSUS3UCMW,STATE STREET BANK AND TRUST CO.
SBOSUS3UCST,STATE STREET BANK AND TRUST CO.
SBOSUS3UEDI,STATE STREET BANK AND TRUST CO.
SBOSUS3UIMS,STATE STREET BANK AND TRUST CO.
SBOSUS3UKCY,STATE STREET BANK AND TRUST CO.
SBOSUS3UPAS,STATE STREET BANK AND TRUST CO.
SBOSUS3UWRE,STATE STREET BANK AND TRUST CO.
SBOSUS3XIFS,STATE STREET BANK AND TRUST COMPANY
SBOSUS3XXXX,STATE STREET BANK AND TRUST COMPANY
SBSIUS33EFP,CITIGROUP GLOBAL MARKETS INC.
SBSIUS33FUT,CITIGROUP GLOBAL MARKETS INC.
SBSIUS33SLS,CITIGROUP GLOBAL MARKETS INC.
SBSIUS33TRF,CITIGROUP GLOBAL MARKETS INC.
SBSIUS33XXX,CITIGROUP GLOBAL MARKETS INC.
SBTTUS33XXX,"SCBT, NA"
SBUXUS66XXX,STARBUCKS CORPORATION
SBWAUS66XXX,STERLING SAVINGS BANK
SCBKUS33XXX,SHANGHAI COMMERCIAL BANK LTD.
SCBKUS6LXXX,SHANGHAI COMMERCIAL BANK LTD.
SCBKUS6SXXX,SHANGHAI COMMERCIAL BANK LTD.
SCBLUS33XXX,STANDARD CHARTERED BANK
SCBLUS3MXXX,STANDARD CHARTERED BANK INTERNATIONAL (AMERICAS) LTD.
SCBLUS66XXX,STANDARD CHARTERED BANK LOS ANGELES
SCENUS44XXX,SOUTH CENTRAL BANK NA
SCGRUS33XXX,SOLEIL CAPITALE CORPORATION
SEEGUS3NXXX,"SELECT EQUITY GROUP, INC."
SEICUS33240,SEI PRIVATE TRUST COMPANY
SEICUS33243,SEI PRIVATE TRUST COMPANY
SEICUS33370,SEI PRIVATE TRUST COMPANY
SEICUS33443,SEI PRIVATE TRUST COMPANY
SEICUS33458,SEI PRIVATE TRUST COMPANY
SEICUS33482,SEI PRIVATE TRUST COMPANY
SEICUS33560,SEI PRIVATE TRUST COMPANY
SEICUS33573,SEI PRIVATE TRUST COMPANY
SEICUS33590,SEI PRIVATE TRUST COMPANY
SEICUS33601,SEI PRIVATE TRUST COMPANY
SEICUS33607,SEI PRIVATE TRUST COMPANY
SEICUS33647,SEI PRIVATE TRUST COMPANY
SEICUS33655,SEI PRIVATE TRUST COMPANY
SEICUS33682,SEI PRIVATE TRUST COMPANY
SEICUS33683,SEI PRIVATE TRUST COMPANY
SEICUS33696,SEI PRIVATE TRUST COMPANY
SEICUS33701,SEI PRIVATE TRUST COMPANY
SEICUS33765,SEI PRIVATE TRUST COMPANY
SEICUS33770,SEI PRIVATE TRUST COMPANY
SEICUS33801,SEI PRIVATE TRUST COMPANY
SEICUS33835,SEI PRIVATE TRUST COMPANY
SEICUS33843,SEI PRIVATE TRUST COMPANY
SEICUS33909,SEI PRIVATE TRUST COMPANY
SEICUS33940,SEI PRIVATE TRUST COMPANY
SEICUS33944,SEI PRIVATE TRUST COMPANY
SEICUS33CAI,SEI PRIVATE TRUST COMPANY
SEICUS33COP,SEI PRIVATE TRUST COMPANY
SEICUS33DFA,SEI PRIVATE TRUST COMPANY
SEICUS33DTA,SEI PRIVATE TRUST COMPANY
SEICUS33EAM,SEI PRIVATE TRUST COMPANY
SEICUS33EDG,SEI PRIVATE TRUST COMPANY
SEICUS33FED,SEI PRIVATE TRUST COMPANY
SEICUS33FSZ,SEI PRIVATE TRUST COMPANY
SEICUS33G20,SEI PRIVATE TRUST COMPANY
SEICUS33G24,SEI PRIVATE TRUST COMPANY
SEICUS33GMF,SEI PRIVATE TRUST COMPANY
SEICUS33GW2,SEI PRIVATE TRUST COMPANY
SEICUS33GWF,SEI PRIVATE TRUST COMPANY
SEICUS33GWP,SEI PRIVATE TRUST COMPANY
SEICUS33GXF,SEI PRIVATE TRUST COMPANY
SEICUS33HFS,SEI PRIVATE TRUST COMPANY
SEICUS33HNW,SEI PRIVATE TRUST COMPANY
SEICUS33IFS,SEI PRIVATE TRUST COMPANY
SEICUS33IMS,SEI PRIVATE TRUST COMPANY
SEICUS33LIQ,SEI PRIVATE TRUST COMPANY
SEICUS33LTS,SEI PRIVATE TRUST COMPANY
SEICUS33NIC,SEI PRIVATE TRUST COMPANY
SEICUS33REC,SEI PRIVATE TRUST COMPANY
SEICUS33SPG,SEI PRIVATE TRUST COMPANY
SEICUS33TCW,SEI PRIVATE TRUST COMPANY
SEICUS33TRA,SEI PRIVATE TRUST COMPANY
SEICUS33VAL,SEI PRIVATE TRUST COMPANY
SEICUS33WFA,SEI PRIVATE TRUST COMPANY
SEICUS33XXX,SEI PRIVATE TRUST COMPANY
SEICUS33ZAR,SEI PRIVATE TRUST COMPANY
SFIBUS44XXX,STAR FINANCIAL BANK
SFXIUS33XXX,CITIGROUP FOREX INC.
SGNNUS66XXX,SAIGON NATIONAL BANK
SGSCUS33CCS,SG AMERICAS SECURITIES CORP
SGSCUS33COW,SG AMERICAS SECURITIES CORP
SGSCUS33DOM,SG AMERICAS SECURITIES CORP
SGSCUS33XXX,SG AMERICAS SECURITIES CORP
SHBKUS33XXX,SHINHAN BANK
SHBKUS6LCAX,SHINHAN BANK AMERICA
SHBKUS6LNYX,SHINHAN BANK AMERICA
SHBKUS6LXXX,SHINHAN BANK AMERICA
SHCOUS33XXX,"D.E. SHAW AND CO., L.P."
SHIZUS33XXX,"THE SHIZUOKA BANK,LTD., NEW YORK BRANCH"
SHWCUS33XXX,THE SHERWIN-WILLIAMS COMPANY
SIGNUS33XXX,SIGNATURE BANK
SINOUS6LXXX,BANK SINOPAC
SKCKUS33XXX,"THE SHOKO CHUKIN BANK, LTD. NEW YORK BRANCH"
SLHIUS3HXXX,LEHMAN BROTHERS HOLDINGS INC.
SLHIUS3XXXX,LEHMAN BROTHERS INC.
SMBAUS3AXXX,SMITH BREEDEN ASSOCIATES INC.
SMBCUS33XXX,SUMITOMO MITSUI BANKING CORPORATION
SMCMUS33CLS,"SMBC CAPITAL MARKETS, INC."
SMCMUS33XXX,"SMBC CAPITAL MARKETS, INC."
SNBAUS44XXX,SUNFLOWER BANK N.A.
SNBYUS33XXX,SAFRA NATIONAL BANK OF NEW YORK
SNCRUS44FXC,"STIFEL, NICOLAUS AND COMPANY, INCORPORATED"
SNCRUS44XXX,"STIFEL, NICOLAUS AND COMPANY, INCORPORATED"
SNTRUS3ABAL,SUNTRUST BANK
SNTRUS3ABOC,SUNTRUST BANK
SNTRUS3ABRA,SUNTRUST BANK
SNTRUS3ACHA,SUNTRUST BANK
SNTRUS3ACHE,SUNTRUST BANK
SNTRUS3ACOL,SUNTRUST BANK
SNTRUS3AEVE,SUNTRUST BANK
SNTRUS3AFLO,SUNTRUST BANK
SNTRUS3AFTL,SUNTRUST BANK
SNTRUS3AFTM,SUNTRUST BANK
SNTRUS3AHAM,SUNTRUST BANK
SNTRUS3AHAR,SUNTRUST BANK
SNTRUS3AHIA,SUNTRUST BANK
SNTRUS3AJAX,SUNTRUST BANK
SNTRUS3AKNO,SUNTRUST BANK
SNTRUS3ALCB,SUNTRUST BANK
SNTRUS3AMAC,SUNTRUST BANK
SNTRUS3AMEL,SUNTRUST BANK
SNTRUS3AMIA,SUNTRUST BANK
SNTRUS3ANAP,SUNTRUST BANK
SNTRUS3ANAS,SUNTRUST BANK
SNTRUS3ANCR,SUNTRUST BANK
SNTRUS3ANNE,SUNTRUST BANK
SNTRUS3ANOR,SUNTRUST BANK
SNTRUS3AORL,SUNTRUST BANK
SNTRUS3APOR,SUNTRUST BANK
SNTRUS3ARIC,SUNTRUST BANK
SNTRUS3AROA,SUNTRUST BANK
SNTRUS3ASAV,SUNTRUST BANK
SNTRUS3ASTP,SUNTRUST BANK
SNTRUS3ATAM,SUNTRUST BANK
SNTRUS3AVAB,SUNTRUST BANK
SNTRUS3AWAS,SUNTRUST BANK
SNTRUS3AXXX,SUNTRUST BANK
SOGEUS33IBF,SOCIETE GENERALE
SOGEUS33XXX,SOCIETE GENERALE
SOLAUS33XXX,LANDESBANK BADEN-WUERTTEMBERG
SOUPUS33XXX,CAMPBELL SOUP COMPANY 
SOVIUS44XXX,SOVEREIGN BANK
SPUEUS6LXXX,SONY PICTURES ENTERTAINMENT INC.
SQARUS33XXX,SQUARE 1 BANK
SRIAUS33CMB,SWISS REINSURANCE AMERICA CORPORATION
SRIAUS33SWR,SWISS REINSURANCE AMERICA CORPORATION
SRIAUS33XXX,SWISS REINSURANCE AMERICA CORPORATION
SSCIUS33ACM,SS AND C TECHNOLOGIES INC.
SSCIUS33ADB,SS AND C TECHNOLOGIES INC.
SSCIUS33ANC,SS AND C TECHNOLOGIES INC.
SSCIUS33ATL,SS AND C TECHNOLOGIES INC.
SSCIUS33BCA,SS AND C TECHNOLOGIES INC.
SSCIUS33BOA,SS AND C TECHNOLOGIES INC.
SSCIUS33CBP,SS AND C TECHNOLOGIES INC.
SSCIUS33EVA,SS AND C TECHNOLOGIES INC.
SSCIUS33FOR,SS AND C TECHNOLOGIES INC.
SSCIUS33FUN,SS AND C TECHNOLOGIES INC.
SSCIUS33GCB,SS AND C TECHNOLOGIES INC.
SSCIUS33GIB,SS AND C TECHNOLOGIES INC.
SSCIUS33GMO,SS AND C TECHNOLOGIES INC.
SSCIUS33GOL,SS AND C TECHNOLOGIES INC.
SSCIUS33HEX,SS AND C TECHNOLOGIES INC.
SSCIUS33ICM,SS AND C TECHNOLOGIES INC.
SSCIUS33IFC,SS AND C TECHNOLOGIES INC.
SSCIUS33JAN,SS AND C TECHNOLOGIES INC.
SSCIUS33JMA,SS AND C TECHNOLOGIES INC.
SSCIUS33KAI,SS AND C TECHNOLOGIES INC.
SSCIUS33LIB,SS AND C TECHNOLOGIES INC.
SSCIUS33LOR,SS AND C TECHNOLOGIES INC.
SSCIUS33LUX,SS AND C TECHNOLOGIES INC.
SSCIUS33LWC,SS AND C TECHNOLOGIES INC.
SSCIUS33MWC,SS AND C TECHNOLOGIES INC.
SSCIUS33NUM,SS AND C TECHNOLOGIES INC.
SSCIUS33OST,SS AND C TECHNOLOGIES INC.
SSCIUS33PAI,SS AND C TECHNOLOGIES INC.
SSCIUS33PFM,SS AND C TECHNOLOGIES INC.
SSCIUS33PUB,SS AND C TECHNOLOGIES INC.
SSCIUS33PWM,SS AND C TECHNOLOGIES INC.
SSCIUS33SEI,SS AND C TECHNOLOGIES INC.
SSCIUS33SLM,SS AND C TECHNOLOGIES INC.
SSCIUS33TCW,SS AND C TECHNOLOGIES INC.
SSCIUS33TLM,SS AND C TECHNOLOGIES INC.
SSCIUS33TRN,SS AND C TECHNOLOGIES INC.
SSCIUS33UAT,SS AND C TECHNOLOGIES INC.
SSCIUS33UMA,SS AND C TECHNOLOGIES INC.
SSCIUS33VAN,SS AND C TECHNOLOGIES INC.
SSCIUS33WBC,SS AND C TECHNOLOGIES INC.
SSCIUS33WEA,SS AND C TECHNOLOGIES INC.
SSCIUS33WFS,SS AND C TECHNOLOGIES INC.
SSCIUS33XXX,SS AND C TECHNOLOGIES INC.
SSCLUS33GLB,"SCUDDER KEMPER INVESTMENTS,INC."
SSCLUS33XXX,"SCUDDER KEMPER INVESTMENTS,INC."
STBCUS33XXX,"SUMITOMO MITSUI TRUST BANK,LIMITED"
STETUS33XXX,STERLING NATIONAL BANK
STIGUS33XXX,STERLING CAPITAL MANAGEMENT LLC
STOHUS33XXX,STONE HARBOR INVESTMENT PARTNERS LP
STUSUS33GAS,SUMITOMO MITSUI TRUST BANK (U.S.A.) LIMITED
STUSUS33XXX,SUMITOMO MITSUI TRUST BANK (U.S.A.) LIMITED
STWTUS44XXX,STEWART INFORMATION SERVICES CORPOR
STYNUS33XXX,STYRON LLC
SUGAUS33XXX,"SUSTAINABLE GROWTH ADVISERS, L.P."
SUNDUS33APR,SUNGARD INSTITUTIONAL BROKERAGE INC.
SUNDUS33BS1,SUNGARD INSTITUTIONAL BROKERAGE INC.
SUNDUS33BS2,SUNGARD INSTITUTIONAL BROKERAGE INC.
SUNDUS33CRN,SUNGARD INSTITUTIONAL BROKERAGE INC.
SUNDUS33FPC,SUNGARD INSTITUTIONAL BROKERAGE INC.
SUNDUS33MAN,SUNGARD INSTITUTIONAL BROKERAGE INC.
SUNDUS33STG,SUNGARD INSTITUTIONAL BROKERAGE INC.
SUNDUS33TWB,SUNGARD INSTITUTIONAL BROKERAGE INC.
SUNDUS33WIN,SUNGARD INSTITUTIONAL BROKERAGE INC.
SUNDUS33XXX,SUNGARD INSTITUTIONAL BROKERAGE INC.
SUNDUS3AXXX,SUNGARD INSTITUTIONAL BROKERAGE INC.
SUNDUS3IBMO,SUNGARD INSTITUTIONAL BROKERAGE INC.
SUNDUS3IXXX,SUNGARD INSTITUTIONAL BROKERAGE INC.
SUNDUS3MXXX,SUNGARD INSTITUTIONAL BROKERAGE INC.
SUNDUS3NAPR,SUNGARD INSTITUTIONAL BROKERAGE INC.
SUNDUS3NXXX,SUNGARD INSTITUTIONAL BROKERAGE INC.
SVBKUS6SIBO,SILICON VALLEY BANK
SVBKUS6SMCA,SILICON VALLEY BANK
SVBKUS6SXXX,SILICON VALLEY BANK
SVRNUS33XXX,SOVEREIGN BANK
SWBKUS44XXX,AMEGY BANK N.A.
SWEDUS33IBF,SWEDBANK AB
SWEDUS33XXX,SWEDBANK AB
SWHQUS3NEDU,SWIFT
SWHQUS3NXXX,SWIFT
SWHQUSUSSVC,SWIFT CUSTOMER SERVICE CENTRE UNITED STATES
SWHQUSUSXXX,SWIFT CUSTOMER SERVICE CENTRE UNITED STATES
SYCRUS4HXXX,SYSCO CORPORATION
TBCLUS33XXX,"TWEEDY, BROWNE COMPANY, LLC"
TBNAUS33XXX,TERRABANK N.A.
TBOTUS3TXXX,THE BANK OF TAMPA
TBUSUS33XXX,BLOOMBERG TRADEBOOK LLC
TCBEUS33XXX,"BESSEMER TRUST COMPANY, N.A."
TCCCUS33XXX,THE COCA-COLA COMPANY
TCRVUS6SXXX,TREASURY CURVE LLC
TCZBUS33XXX,T.C. ZIRAAT BANKASI
TDOMUS33XXX,"TORONTO DOMINION BANK, THE"
TDOMUS4HXXX,"TORONTO DOMINION BANK, THE"
TECHUS6SXXX,TECHNOLOGY CREDIT UNION
TFNBUS4HXXX,"GOLDEN BANK, N.A."
TGBPUS3WXXX,TRAVELEX GLOBAL BUSINESS PAYMENTS
TIBBUS44XXX,TIB-THE INDEPENDENT BANKERSBANK
TLBKUS3MXXX,TOTALBANK
TMCCUS6LXXX,TOYOTA MOTOR CREDIT CORPORATION
TMPKUS33XXX,TOMPKINS TRUST COMPANY
TNBKUS3AXXX,TOUCHMARK NATIONAL BANK
TOCCUS4CXXX,"OPTIONS CLEARING CORPORATION, THE"
TPACUS33XXX,TULLETT PREBON AMERICAS CORP.
TPBKUS6LXXX,"TAIPEI FUBON COMMERCIAL BANK, LOS ANGELES BRANCH"
TPNBUS6AXXX,TRANS PACIFIC NATIONAL BANK
TRAVUS33CFX,TRAVELEX AMERICA INC
TRAVUS33CUR,TRAVELEX AMERICA INC
TRAVUS33RTL,TRAVELEX AMERICA INC
TRAVUS33XXX,TRAVELEX AMERICA INC
TRINUS33XXX,TRAIANA INC
TRNRUS33XXX,TURNER INVESTMENT PARTNER INC.
TRNTUS44XXX,TRUSTMARK NATIONAL BANK
TROWUS33ACC,T. ROWE PRICE ASSOCIATES INC.
TROWUS33CUS,T. ROWE PRICE ASSOCIATES INC.
TROWUS33XXX,T. ROWE PRICE ASSOCIATES INC.
TRPIUS33BAL,"T. ROWE PRICE INTERNATIONAL, INC."
TRPIUS33CAT,"T. ROWE PRICE INTERNATIONAL, INC."
TRPIUS33HKG,"T. ROWE PRICE INTERNATIONAL, INC."
TRPIUS33IFX,"T. ROWE PRICE INTERNATIONAL, INC."
TRPIUS33LON,"T. ROWE PRICE INTERNATIONAL, INC."
TRPIUS33REC,"T. ROWE PRICE INTERNATIONAL, INC."
TRPIUS33SET,"T. ROWE PRICE INTERNATIONAL, INC."
TRPIUS33XXX,"T. ROWE PRICE INTERNATIONAL, INC."
TRSTUS44XXX,"INTRUST BANK, N.A."
TSLPUS3NXXX,TISHMAN SPEYER
TVBAUS33XXX,"TURKIYE VAKIFLAR BANKASI, T.A.O. (VAKIFBANK)"
TXCBUS44XXX,"TEXAS CAPITAL BANK, N.A."
TYCCUS33XXX,TYCO INTERNATIONAL MANAGEMENT COMPANY
UBSWUS33CHI,UBS AG STAMFORD BRANCH
UBSWUS33CLS,UBS AG STAMFORD BRANCH
UBSWUS33GSI,UBS AG STAMFORD BRANCH
UBSWUS33MIA,UBS AG STAMFORD BRANCH
UBSWUS33PAK,UBS AG STAMFORD BRANCH
UBSWUS33PID,UBS AG STAMFORD BRANCH
UBSWUS33SFO,UBS AG STAMFORD BRANCH
UBSWUS33XXX,UBS AG STAMFORD BRANCH
UBSWUS3NXXX,UBS SECURITIES LLC
UCBMUS3MXXX,APOLLO BANK
UCCPUS33XXX,"UNICREDIT CAPITAL MARKETS,INC"
UFCUUS33XXX,UNITED FEDERAL CREDIT UNION
UMKCUS44FEX,"UMB BANK, N.A."
UMKCUS44INT,"UMB BANK, N.A."
UMKCUS44STY,"UMB BANK, N.A."
UMKCUS44XXX,"UMB BANK, N.A."
UMPQUS6PXXX,UMPQUA BANK
UNAFUS33XXX,"UNITED BANK FOR AFRICA PLC, NEW YORK BRANCH"
UNATUS33XXX,UNITED NATIONS
UNCFUS33XXX,UNITED NATIONS CHILDREN’S FUND (UNICEF)
UNCRUS33FXC,UNICREDIT SPA
UNCRUS33IBF,UNICREDIT SPA
UNCRUS33XXX,UNICREDIT SPA
UNDPUS33XXX,UNITED NATIONS DEVELOPMENT PROGRAMME
UNIBUS66XXX,UNIBANK
UNILUS33XXX,UNITED BANK LTD.
UNITUS66XXX,UNITIBANK
UNPFUS33XXX,UNITED NATIONS JOINT STAFF PENSION FUND
UOVBUS33XXX,UNITED OVERSEAS BANK LTD.
UOVBUS6LXXX,UNITED OVERSEAS BANK LTD.
UPNBUS44MIA,REGIONS BANK
UPNBUS44XXX,REGIONS BANK
UPSBUS33XXX,UPS OASIS SUPPLY CORP
USBKUS44BOI,U.S. BANK
USBKUS44CAL,U.S. BANK
USBKUS44DEN,U.S. BANK
USBKUS44FEX,U.S. BANK
USBKUS44IMT,U.S. BANK
USBKUS44LAX,U.S. BANK
USBKUS44MIL,U.S. BANK
USBKUS44NEV,U.S. BANK
USBKUS44PDX,U.S. BANK
USBKUS44SEA,U.S. BANK
USBKUS44SLC,U.S. BANK
USBKUS44STL,U.S. BANK
USBKUS44TAC,U.S. BANK
USBKUS44XXX,U.S. BANK
USBKUS4TCOR,U.S. BANK TRUST
USBKUS4TCTB,U.S. BANK TRUST
USBKUS4TCTT,U.S. BANK TRUST
USBKUS4TDOM,U.S. BANK TRUST
USBKUS4TDTS,U.S. BANK TRUST
USBKUS4TFDS,U.S. BANK TRUST
USBKUS4TFST,U.S. BANK TRUST
USBKUS4TGBL,U.S. BANK TRUST
USBKUS4TITC,U.S. BANK TRUST
USBKUS4TMFC,U.S. BANK TRUST
USBKUS4TRTM,U.S. BANK TRUST
USBKUS4TTRS,U.S. BANK TRUST
USBKUS4TXXX,U.S. BANK TRUST
USCEUS3MXXX,U.S. CENTURY BANK
USIHUS33XXX,USI HOLDINGS CORP.
UTCHUS33XXX,UNITED TECHNOLOGIES CORPORATION
UWCBUS6LXXX,"CATHAY UNITED BANK, LOS ANGELES AGENCY DBA CUBT "
VEACUS33XXX,VAN ECK ASSOCIATES CORP.
VGLIUS33XXX,"VIKING GLOBAL INVESTORS, LP"
VGRDUS33CA1,"VANGUARD GROUP INC, THE"
VGRDUS33FFS,"VANGUARD GROUP INC, THE"
VGRDUS33IPA,"VANGUARD GROUP INC, THE"
VGRDUS33IRP,"VANGUARD GROUP INC, THE"
VGRDUS33OFF,"VANGUARD GROUP INC, THE"
VGRDUS33RIG,"VANGUARD GROUP INC, THE"
VGRDUS33SLS,"VANGUARD GROUP INC, THE"
VGRDUS33SST,"VANGUARD GROUP INC, THE"
VGRDUS33XXX,"VANGUARD GROUP INC, THE"
VGRDUS3MRIG,VANGUARD MARKETING CORPORATION
VGRDUS3MXXX,VANGUARD MARKETING CORPORATION
VIACUS33XXX,VIACOM INC
VICVUS6SXXX,"VICTORIA 1522 INVESTMENTS, LP"
VNBVUS33XXX,VIRGINIA NATIONAL BANK
VRDEUS44XXX,"VARDE MANAGEMENT, L.P."
VTBKUS33XXX,VTB CAPITAL INC
VWAGUS33XXX,VW GROUP OF AMERICA
WEBRUS33GOV,UBS FINANCIAL SERVICES INC.
WEBRUS33TSY,UBS FINANCIAL SERVICES INC.
WEBRUS33XXX,UBS FINANCIAL SERVICES INC.
WELAUS3XGDG,PORTIGON AG
WELAUS3XIBF,PORTIGON AG
WELAUS3XMIC,PORTIGON AG
WELAUS3XXXX,PORTIGON AG
WFBIUS44XXX,"GALLIARD CAPITAL MANAGEMENT, INC"
WFBIUS6SANC,"WELLS FARGO BANK, N.A."
WFBIUS6SBOI,"WELLS FARGO BANK, N.A."
WFBIUS6SCHI,"WELLS FARGO BANK, N.A."
WFBIUS6SCTS,"WELLS FARGO BANK, N.A."
WFBIUS6SDAL,"WELLS FARGO BANK, N.A."
WFBIUS6SDEN,"WELLS FARGO BANK, N.A."
WFBIUS6SDES,"WELLS FARGO BANK, N.A."
WFBIUS6SELP,"WELLS FARGO BANK, N.A."
WFBIUS6SENG,"WELLS FARGO BANK, N.A."
WFBIUS6SGOL,"WELLS FARGO BANK, N.A."
WFBIUS6SHOU,"WELLS FARGO BANK, N.A."
WFBIUS6SLAS,"WELLS FARGO BANK, N.A."
WFBIUS6SLAX,"WELLS FARGO BANK, N.A."
WFBIUS6SLIN,"WELLS FARGO BANK, N.A."
WFBIUS6SMSP,"WELLS FARGO BANK, N.A."
WFBIUS6SOMA,"WELLS FARGO BANK, N.A."
WFBIUS6SPDX,"WELLS FARGO BANK, N.A."
WFBIUS6SPHX,"WELLS FARGO BANK, N.A."
WFBIUS6SRNO,"WELLS FARGO BANK, N.A."
WFBIUS6SSEA,"WELLS FARGO BANK, N.A."
WFBIUS6SSFE,"WELLS FARGO BANK, N.A."
WFBIUS6SSFO,"WELLS FARGO BANK, N.A."
WFBIUS6SSLC,"WELLS FARGO BANK, N.A."
WFBIUS6SSTL,"WELLS FARGO BANK, N.A."
WFBIUS6SXXX,"WELLS FARGO BANK, N.A."
WFBIUS6TGCS,WELLS FARGO BANK N.A
WFBIUS6TTRU,WELLS FARGO BANK N.A
WFBIUS6WFFX,WELLS FARGO BANK NA
WFBIUS6WPDX,WELLS FARGO BANK NA
WFLDUS33XXX,WESTFIELD BANK
WHITUS44XXX,WHITNEY BANK
WHRLUS33XXX,WHIRLPOOL CORPORATION
WIBCUS44XXX,WILLIAM BLAIR AND COMPANY
WITCUS33XXX,WILMINGTON TRUST COMPANY
WLGRUS44XXX,WALGREEN CO.
WLTEUS44XXX,"WALTER ENERGY, INC."
WPACUS33XXX,WESTPAC BANKING CORPORATION
WRBCUS33XXX,W.R. BERKLEY CORPORATION
WSFCUS33XXX,"WILMINGTON SAVINGS FUND SOCIETY,FSB"
WSTRUS44XXX,WALMART STORES INC
WTFCUS44XXX,LAKE FOREST BANK AND TRUST COMPANY
WUBAUS66XXX,WING LUNG BANK LTD (LOS ANGELES BRANCH)
WUSAUS66XXX,WEST AMERICA SECURITIES CORP
WVIOUS6LXXX,WORLD VISION INTERNATIONAL
XCMEUS4CXXX,CHICAGO MERCANTILE EXCHANGE 
XCMEUS4FXXX,CHICAGO MERCANTILE EXCHANGE 
YBTPUS33XXX,MIZUHO TRUST AND BANKING CO. (USA)
ZFNBUS55XXX,ZIONS FIRST NATIONAL BANK
ZURIUS44FAR,ZURICH AMERICAN INSURANCE COMPANY
ZURIUS44XXX,ZURICH AMERICAN INSURANCE COMPANY
ZURIUS44ZNA,ZURICH AMERICAN INSURANCE COMPANY
